flight_id,flight_number,scenario_id,scenario_name,is_primary_disruption,disruption_reason,delay_minutes,aircraft_registration,aircraft_type_id,aircraft_code,aircraft_capacity,aircraft_cargo_capacity,cabin_crew_required,origin_airport_id,origin_code,destination_airport_id,destination_code,scheduled_departure,scheduled_arrival,arrival_time,flight_status,gate,terminal,mel_status,mel_category,mel_days_remaining,mel_expiry_date,mel_item,mel_reference,mel_reported_date,mel_restrictions,upline_aircraft_registration,upline_airline,upline_arrival_airport,upline_departure_airport,upline_flight_number,upline_sta_l,upline_sta_z,upline_std_l,upline_std_z,downline_aircraft_registration,downline_airline,downline_arrival_airport,downline_departure_airport,downline_flight_number,downline_sta_l,downline_sta_z,downline_std_l,downline_std_z
FLT-1001,EY117,1,Bangkok Typhoon + Critical MEL Aircraft,Y,Cannot depart due to typhoon,180,A6-EYV,6,A320,180,3500,4,2,BKK,1,AUH,2026-01-19 06:40:00,2026-01-19 10:40:00,2026-01-19 13:40:00,Delayed,B5,3,ACTIVE,C,4.0,2026-01-23,MEL-204,REF-9935,2026-01-18,Speed limited to M0.82,A6-EYJ,EY,CDG,AUH,EY334,2026-01-19T17:48:00,2026-01-19T17:48:00Z,2026-01-19T12:48:00,2026-01-19T12:48:00Z,A6-EYO,EY,SIN,AUH,EY424,2026-01-19T12:22:00,2026-01-19T12:22:00Z,2026-01-19T06:22:00,2026-01-19T06:22:00Z
FLT-1002,EY5293,1,Bangkok Typhoon + Critical MEL Aircraft,Y,LIAC - Late Inbound Aircraft,180,A6-EYU,6,A320,180,3500,4,1,AUH,2,BKK,2026-01-19 08:37:00,2026-01-19 17:37:00,2026-01-19 20:37:00,Delayed,B17,3,ACTIVE,A,4.0,2026-01-23,MEL-127,REF-4257,2026-01-14,Speed limited to M0.82,A6-EYF,EY,LHR,AUH,EY25,2026-01-19T22:13:00,2026-01-19T22:13:00Z,2026-01-19T14:13:00,2026-01-19T14:13:00Z,A6-EYJ,EY,CDG,AUH,EY334,2026-01-19T17:48:00,2026-01-19T17:48:00Z,2026-01-19T12:48:00,2026-01-19T12:48:00Z
FLT-1003,EY454,1,Bangkok Typhoon + Critical MEL Aircraft,N,Missed connections from EY117,45,A6-EYA,1,A380,516,16000,16,1,AUH,9,SYD,2026-01-19 10:26:00,2026-01-19 16:26:00,2026-01-19 17:11:00,Scheduled,C26,1,CLEAR,,,,,,,,A6-EYN,EY,JED,AUH,EY313,2026-01-20T08:17:00,2026-01-20T08:17:00Z,2026-01-19T22:17:00,2026-01-19T22:17:00Z,A6-EYH,EY,SIN,AUH,EY472,2026-01-20T00:45:00,2026-01-20T00:45:00Z,2026-01-19T20:45:00,2026-01-19T20:45:00Z
FLT-1004,EY334,1,Bangkok Typhoon + Critical MEL Aircraft,N,Missed connections from EY117,30,A6-EYJ,3,B787-10,330,12000,10,1,AUH,5,CDG,2026-01-19 12:48:00,2026-01-19 17:48:00,2026-01-19 18:18:00,Scheduled,C9,1,CLEAR,,,,,,,,A6-EYB,EY,JFK,AUH,EY101,2026-01-20T02:46:00,2026-01-20T02:46:00Z,2026-01-19T16:46:00,2026-01-19T16:46:00Z,A6-EYO,EY,SIN,AUH,EY424,2026-01-19T12:22:00,2026-01-19T12:22:00Z,2026-01-19T06:22:00,2026-01-19T06:22:00Z
FLT-1005,EY25,1,Bangkok Typhoon + Critical MEL Aircraft,N,Missed connections from EY117,25,A6-EYF,3,B787-10,330,12000,10,1,AUH,3,LHR,2026-01-19 14:13:00,2026-01-19 22:13:00,2026-01-19 22:38:00,On-Time,C28,2,ACTIVE,D,2.0,2026-01-21,MEL-718,REF-5333,2026-01-18,Speed limited to M0.82,A6-EYJ,EY,CDG,AUH,EY334,2026-01-19T17:48:00,2026-01-19T17:48:00Z,2026-01-19T12:48:00,2026-01-19T12:48:00Z,A6-EYQ,EY,DEL,AUH,EY170,2026-01-20T07:18:00,2026-01-20T07:18:00Z,2026-01-19T18:18:00,2026-01-19T18:18:00Z
FLT-1006,EY101,1,Bangkok Typhoon + Critical MEL Aircraft,N,Missed connections from EY117,40,A6-EYB,1,A380,516,16000,16,1,AUH,7,JFK,2026-01-19 16:46:00,2026-01-20 02:46:00,2026-01-20 03:26:00,Scheduled,D3,3,CLEAR,,,,,,,,A6-EYV,EY,AUH,BKK,EY117,2026-01-19T10:40:00,2026-01-19T10:40:00Z,2026-01-19T06:40:00,2026-01-19T06:40:00Z,A6-EYJ,EY,CDG,AUH,EY334,2026-01-19T17:48:00,2026-01-19T17:48:00Z,2026-01-19T12:48:00,2026-01-19T12:48:00Z
FLT-1007,EY170,1,Bangkok Typhoon + Critical MEL Aircraft,N,Missed connections from EY117,20,A6-EYQ,6,A320,180,3500,4,1,AUH,8,DEL,2026-01-19 18:18:00,2026-01-20 07:18:00,2026-01-20 07:38:00,On-Time,C19,1,CLEAR,,,,,,,,A6-EYV,EY,AUH,BKK,EY117,2026-01-19T10:40:00,2026-01-19T10:40:00Z,2026-01-19T06:40:00,2026-01-19T06:40:00Z,A6-EYB,EY,JFK,AUH,EY101,2026-01-20T02:46:00,2026-01-20T02:46:00Z,2026-01-19T16:46:00,2026-01-19T16:46:00Z
FLT-1008,EY472,1,Bangkok Typhoon + Critical MEL Aircraft,N,Missed connections from EY117,35,A6-EYH,3,B787-10,330,12000,10,1,AUH,4,SIN,2026-01-19 20:45:00,2026-01-20 00:45:00,2026-01-20 01:20:00,Scheduled,A28,1,ACTIVE,B,5.0,2026-01-24,MEL-987,REF-2654,2026-01-15,Speed limited to M0.82,A6-EYQ,EY,DEL,AUH,EY170,2026-01-20T07:18:00,2026-01-20T07:18:00Z,2026-01-19T18:18:00,2026-01-19T18:18:00Z,A6-EYF,EY,LHR,AUH,EY25,2026-01-19T22:13:00,2026-01-19T22:13:00Z,2026-01-19T14:13:00,2026-01-19T14:13:00Z
FLT-1009,EY313,1,Bangkok Typhoon + Critical MEL Aircraft,N,Missed connections from EY117,15,A6-EYN,5,A321LR,206,4200,6,1,AUH,14,JED,2026-01-19 22:17:00,2026-01-20 08:17:00,2026-01-20 08:32:00,On-Time,C6,2,CLEAR,,,,,,,,A6-EYU,EY,BKK,AUH,EY5293,2026-01-19T17:37:00,2026-01-19T17:37:00Z,2026-01-19T08:37:00,2026-01-19T08:37:00Z,A6-EYJ,EY,CDG,AUH,EY334,2026-01-19T17:48:00,2026-01-19T17:48:00Z,2026-01-19T12:48:00,2026-01-19T12:48:00Z
FLT-1010,EY424,1,Bangkok Typhoon + Critical MEL Aircraft,N,Missed connections from EY117,30,A6-EYO,5,A321LR,206,4200,6,1,AUH,4,SIN,2026-01-19 06:22:00,2026-01-19 12:22:00,2026-01-19 12:52:00,Scheduled,A20,3,CLEAR,,,,,,,,A6-EYB,EY,JFK,AUH,EY101,2026-01-20T02:46:00,2026-01-20T02:46:00Z,2026-01-19T16:46:00,2026-01-19T16:46:00Z,A6-EYJ,EY,CDG,AUH,EY334,2026-01-19T17:48:00,2026-01-19T17:48:00Z,2026-01-19T12:48:00,2026-01-19T12:48:00Z
FLT-1011,EY8184,2,London Fog + Multiple Aircraft AOG,Y,Fog delays arrival,120,A6-EYK,4,A350,350,13000,12,1,AUH,3,LHR,2026-01-20 06:41:00,2026-01-20 16:41:00,2026-01-20 18:41:00,Delayed,D5,2,CLEAR,,,,,,,,A6-EYI,EY,CDG,AUH,EY334,2026-01-21T12:46:00,2026-01-21T12:46:00Z,2026-01-20T22:46:00,2026-01-20T22:46:00Z,A6-EYF,EY,AUH,LHR,EY25,2026-01-20T22:27:00,2026-01-20T22:27:00Z,2026-01-20T10:27:00,2026-01-20T10:27:00Z
FLT-1012,EY6268,2,London Fog + Multiple Aircraft AOG,Y,Fog delays arrival,180,A6-EYL,4,A350,350,13000,12,1,AUH,3,LHR,2026-01-20 08:08:00,2026-01-20 14:08:00,2026-01-20 17:08:00,Delayed,C24,3,CLEAR,,,,,,,,A6-EYJ,EY,DEL,AUH,EY1202,2026-01-20T19:55:00,2026-01-20T19:55:00Z,2026-01-20T06:55:00,2026-01-20T06:55:00Z,A6-EYG,EY,AUH,LHR,EY19,2026-01-20T16:31:00,2026-01-20T16:31:00Z,2026-01-20T12:31:00,2026-01-20T12:31:00Z
FLT-1013,EY25,2,London Fog + Multiple Aircraft AOG,Y,Cannot depart due to fog,240,A6-EYF,3,B787-10,330,12000,10,3,LHR,1,AUH,2026-01-20 10:27:00,2026-01-20 22:27:00,2026-01-21 02:27:00,Delayed,B5,3,CLEAR,,,,,,,,A6-EYG,EY,AUH,LHR,EY19,2026-01-20T16:31:00,2026-01-20T16:31:00Z,2026-01-20T12:31:00,2026-01-20T12:31:00Z,A6-EYB,EY,SYD,AUH,EY454,2026-01-20T13:31:00,2026-01-20T13:31:00Z,2026-01-20T10:31:00,2026-01-20T10:31:00Z
FLT-1014,EY19,2,London Fog + Multiple Aircraft AOG,Y,Cannot depart due to fog,300,A6-EYG,3,B787-10,330,12000,10,3,LHR,1,AUH,2026-01-20 12:31:00,2026-01-20 16:31:00,2026-01-20 21:31:00,Delayed,A5,3,CLEAR,,,,,,,,A6-EYI,EY,CDG,AUH,EY334,2026-01-21T12:46:00,2026-01-21T12:46:00Z,2026-01-20T22:46:00,2026-01-20T22:46:00Z,A6-EYG,EY,LHR,AUH,EY20,2026-01-21T07:07:00,2026-01-21T07:07:00Z,2026-01-20T18:07:00,2026-01-20T18:07:00Z
FLT-1015,EY11,2,London Fog + Multiple Aircraft AOG,Y,Cannot depart due to fog,360,A6-EYH,3,B787-10,330,12000,10,3,LHR,1,AUH,2026-01-20 14:10:00,2026-01-21 03:10:00,2026-01-21 09:10:00,Delayed,A13,2,CLEAR,,,,,,,,A6-EYF,EY,LHR,AUH,EY26,2026-01-21T02:38:00,2026-01-21T02:38:00Z,2026-01-20T16:38:00,2026-01-20T16:38:00Z,A6-EYJ,EY,DEL,AUH,EY1202,2026-01-20T19:55:00,2026-01-20T19:55:00Z,2026-01-20T06:55:00,2026-01-20T06:55:00Z
FLT-1016,EY26,2,London Fog + Multiple Aircraft AOG,N,LIAC from EY25,240,A6-EYF,3,B787-10,330,12000,10,1,AUH,3,LHR,2026-01-20 16:38:00,2026-01-21 02:38:00,2026-01-21 06:38:00,Delayed,A22,3,CLEAR,,,,,,,,A6-EYA,EY,JFK,AUH,EY639,2026-01-20T13:48:00,2026-01-20T13:48:00Z,2026-01-20T08:48:00,2026-01-20T08:48:00Z,A6-EYH,EY,LHR,AUH,EY12,2026-01-21T00:21:00,2026-01-21T00:21:00Z,2026-01-20T20:21:00,2026-01-20T20:21:00Z
FLT-1017,EY20,2,London Fog + Multiple Aircraft AOG,N,LIAC from EY19,300,A6-EYG,3,B787-10,330,12000,10,1,AUH,3,LHR,2026-01-20 18:07:00,2026-01-21 07:07:00,2026-01-21 12:07:00,Delayed,C25,3,CLEAR,,,,,,,,A6-EYG,EY,AUH,LHR,EY19,2026-01-20T16:31:00,2026-01-20T16:31:00Z,2026-01-20T12:31:00,2026-01-20T12:31:00Z,A6-EYJ,EY,DEL,AUH,EY1202,2026-01-20T19:55:00,2026-01-20T19:55:00Z,2026-01-20T06:55:00,2026-01-20T06:55:00Z
FLT-1018,EY12,2,London Fog + Multiple Aircraft AOG,N,LIAC from EY11,360,A6-EYH,3,B787-10,330,12000,10,1,AUH,3,LHR,2026-01-20 20:21:00,2026-01-21 00:21:00,2026-01-21 06:21:00,Delayed,B15,1,CLEAR,,,,,,,,A6-EYG,EY,AUH,LHR,EY19,2026-01-20T16:31:00,2026-01-20T16:31:00Z,2026-01-20T12:31:00,2026-01-20T12:31:00Z,A6-EYH,EY,AUH,LHR,EY11,2026-01-21T03:10:00,2026-01-21T03:10:00Z,2026-01-20T14:10:00,2026-01-20T14:10:00Z
FLT-1019,EY334,2,London Fog + Multiple Aircraft AOG,N,AOG aircraft swap,60,A6-EYI,3,B787-10,330,12000,10,1,AUH,5,CDG,2026-01-20 22:46:00,2026-01-21 12:46:00,2026-01-21 13:46:00,Scheduled,B17,1,CLEAR,,,,,,,,A6-EYG,EY,LHR,AUH,EY20,2026-01-21T07:07:00,2026-01-21T07:07:00Z,2026-01-20T18:07:00,2026-01-20T18:07:00Z,A6-EYB,EY,SYD,AUH,EY454,2026-01-20T13:31:00,2026-01-20T13:31:00Z,2026-01-20T10:31:00,2026-01-20T10:31:00Z
FLT-1020,EY1202,2,London Fog + Multiple Aircraft AOG,N,AOG aircraft swap,45,A6-EYJ,3,B787-10,330,12000,10,1,AUH,8,DEL,2026-01-20 06:55:00,2026-01-20 19:55:00,2026-01-20 20:40:00,Scheduled,B5,2,CLEAR,,,,,,,,A6-EYB,EY,SYD,AUH,EY454,2026-01-20T13:31:00,2026-01-20T13:31:00Z,2026-01-20T10:31:00,2026-01-20T10:31:00Z,A6-EYF,EY,LHR,AUH,EY26,2026-01-21T02:38:00,2026-01-21T02:38:00Z,2026-01-20T16:38:00,2026-01-20T16:38:00Z
FLT-1021,EY639,2,London Fog + Multiple Aircraft AOG,N,AOG aircraft swap,90,A6-EYA,1,A380,516,16000,16,1,AUH,7,JFK,2026-01-20 08:48:00,2026-01-20 13:48:00,2026-01-20 15:18:00,Delayed,A20,2,CLEAR,,,,,,,,A6-EYH,EY,LHR,AUH,EY12,2026-01-21T00:21:00,2026-01-21T00:21:00Z,2026-01-20T20:21:00,2026-01-20T20:21:00Z,A6-EYI,EY,CDG,AUH,EY334,2026-01-21T12:46:00,2026-01-21T12:46:00Z,2026-01-20T22:46:00,2026-01-20T22:46:00Z
FLT-1022,EY454,2,London Fog + Multiple Aircraft AOG,N,Missed connections,75,A6-EYB,1,A380,516,16000,16,1,AUH,9,SYD,2026-01-20 10:31:00,2026-01-20 13:31:00,2026-01-20 14:46:00,Delayed,B2,1,ACTIVE,C,5.0,2026-01-25,MEL-999,REF-2290,2026-01-19,Speed limited to M0.82,A6-EYH,EY,LHR,AUH,EY12,2026-01-21T00:21:00,2026-01-21T00:21:00Z,2026-01-20T20:21:00,2026-01-20T20:21:00Z,A6-EYL,EY,LHR,AUH,EY6268,2026-01-20T14:08:00,2026-01-20T14:08:00Z,2026-01-20T08:08:00,2026-01-20T08:08:00Z
FLT-1023,EY3105,3,Singapore Thunderstorms + MEL Expiry Cascade,Y,Thunderstorm delays,90,A6-EYM,4,A350,350,13000,12,1,AUH,4,SIN,2026-01-21 06:15:00,2026-01-21 12:15:00,2026-01-21 13:45:00,Delayed,B19,1,ACTIVE,A,10.0,2026-01-31,MEL-107,REF-2163,2026-01-20,Speed limited to M0.82,A6-EYH,EY,AUH,SIN,EY472,2026-01-21T12:14:00,2026-01-21T12:14:00Z,2026-01-21T08:14:00,2026-01-21T08:14:00Z,A6-EYH,EY,AUH,SIN,EY472,2026-01-21T12:14:00,2026-01-21T12:14:00Z,2026-01-21T08:14:00,2026-01-21T08:14:00Z
FLT-1024,EY472,3,Singapore Thunderstorms + MEL Expiry Cascade,Y,Cannot depart due to storms,120,A6-EYH,3,B787-10,330,12000,10,4,SIN,1,AUH,2026-01-21 08:14:00,2026-01-21 12:14:00,2026-01-21 14:14:00,Delayed,C3,3,CLEAR,,,,,,,,A6-EYO,EY,SIN,AUH,EY869,2026-01-22T05:12:00,2026-01-22T05:12:00Z,2026-01-21T18:12:00,2026-01-21T18:12:00Z,A6-EYH,EY,SIN,AUH,EY473,2026-01-21T23:51:00,2026-01-21T23:51:00Z,2026-01-21T14:51:00,2026-01-21T14:51:00Z
FLT-1025,EY424,3,Singapore Thunderstorms + MEL Expiry Cascade,Y,MEL expiry forces aircraft swap,180,A6-EYN,5,A321LR,206,4200,6,1,AUH,4,SIN,2026-01-21 10:15:00,2026-01-21 17:15:00,2026-01-21 20:15:00,Delayed,B18,1,CLEAR,,,,,,,,A6-EYM,EY,SIN,AUH,EY3105,2026-01-21T12:15:00,2026-01-21T12:15:00Z,2026-01-21T06:15:00,2026-01-21T06:15:00Z,A6-EYJ,EY,CDG,AUH,EY334,2026-01-22T02:29:00,2026-01-22T02:29:00Z,2026-01-21T20:29:00,2026-01-21T20:29:00Z
FLT-1026,EY868,3,Singapore Thunderstorms + MEL Expiry Cascade,Y,MEL expiry forces aircraft swap,180,A6-EYO,5,A321LR,206,4200,6,4,SIN,1,AUH,2026-01-21 12:46:00,2026-01-22 00:46:00,2026-01-22 03:46:00,Delayed,B26,2,CLEAR,,,,,,,,A6-EYJ,EY,CDG,AUH,EY334,2026-01-22T02:29:00,2026-01-22T02:29:00Z,2026-01-21T20:29:00,2026-01-21T20:29:00Z,A6-EYH,EY,AUH,SIN,EY472,2026-01-21T12:14:00,2026-01-21T12:14:00Z,2026-01-21T08:14:00,2026-01-21T08:14:00Z
FLT-1027,EY473,3,Singapore Thunderstorms + MEL Expiry Cascade,N,LIAC from EY472,120,A6-EYH,3,B787-10,330,12000,10,1,AUH,4,SIN,2026-01-21 14:51:00,2026-01-21 23:51:00,2026-01-22 01:51:00,Delayed,C14,2,ACTIVE,A,7.0,2026-01-28,MEL-578,REF-1887,2026-01-20,Speed limited to M0.82,A6-EYH,EY,AUH,SIN,EY472,2026-01-21T12:14:00,2026-01-21T12:14:00Z,2026-01-21T08:14:00,2026-01-21T08:14:00Z,A6-EYO,EY,AUH,SIN,EY868,2026-01-22T00:46:00,2026-01-22T00:46:00Z,2026-01-21T12:46:00,2026-01-21T12:46:00Z
FLT-1028,EY425,3,Singapore Thunderstorms + MEL Expiry Cascade,N,LIAC from EY424,180,A6-EYN,5,A321LR,206,4200,6,4,SIN,1,AUH,2026-01-21 16:03:00,2026-01-22 01:03:00,2026-01-22 04:03:00,Delayed,A8,1,CLEAR,,,,,,,,A6-EYO,EY,AUH,SIN,EY868,2026-01-22T00:46:00,2026-01-22T00:46:00Z,2026-01-21T12:46:00,2026-01-21T12:46:00Z,A6-EYO,EY,AUH,SIN,EY868,2026-01-22T00:46:00,2026-01-22T00:46:00Z,2026-01-21T12:46:00,2026-01-21T12:46:00Z
FLT-1029,EY869,3,Singapore Thunderstorms + MEL Expiry Cascade,N,LIAC from EY868,180,A6-EYO,5,A321LR,206,4200,6,1,AUH,4,SIN,2026-01-21 18:12:00,2026-01-22 05:12:00,2026-01-22 08:12:00,Delayed,D6,2,CLEAR,,,,,,,,A6-EYH,EY,AUH,SIN,EY472,2026-01-21T12:14:00,2026-01-21T12:14:00Z,2026-01-21T08:14:00,2026-01-21T08:14:00Z,A6-EYJ,EY,CDG,AUH,EY334,2026-01-22T02:29:00,2026-01-22T02:29:00Z,2026-01-21T20:29:00,2026-01-21T20:29:00Z
FLT-1030,EY334,3,Singapore Thunderstorms + MEL Expiry Cascade,N,Missed connections from SIN,45,A6-EYJ,3,B787-10,330,12000,10,1,AUH,5,CDG,2026-01-21 20:29:00,2026-01-22 02:29:00,2026-01-22 03:14:00,Scheduled,A15,3,CLEAR,,,,,,,,A6-EYO,EY,AUH,SIN,EY868,2026-01-22T00:46:00,2026-01-22T00:46:00Z,2026-01-21T12:46:00,2026-01-21T12:46:00Z,A6-EYM,EY,SIN,AUH,EY3105,2026-01-21T12:15:00,2026-01-21T12:15:00Z,2026-01-21T06:15:00,2026-01-21T06:15:00Z
FLT-1031,EY2796,4,Paris Winter Storm + Temperature-Controlled Cargo Crisis,Y,Winter storm delays,240,A6-EYI,3,B787-10,330,12000,10,1,AUH,5,CDG,2026-01-22 06:10:00,2026-01-22 15:10:00,2026-01-22 19:10:00,Delayed,D10,2,ACTIVE,D,5.0,2026-01-27,MEL-813,REF-8973,2026-01-20,Speed limited to M0.82,A6-EYJ,EY,CDG,AUH,EY334,2026-01-22T15:12:00,2026-01-22T15:12:00Z,2026-01-22T08:12:00,2026-01-22T08:12:00Z,A6-EYI,EY,AUH,CDG,EY2797,2026-01-22T19:05:00,2026-01-22T19:05:00Z,2026-01-22T14:05:00,2026-01-22T14:05:00Z
FLT-1032,EY334,4,Paris Winter Storm + Temperature-Controlled Cargo Crisis,Y,Winter storm delays,300,A6-EYJ,3,B787-10,330,12000,10,1,AUH,5,CDG,2026-01-22 08:12:00,2026-01-22 15:12:00,2026-01-22 20:12:00,Delayed,A19,3,CLEAR,,,,,,,,A6-EYJ,EY,AUH,CDG,EY335,2026-01-23T01:05:00,2026-01-23T01:05:00Z,2026-01-22T16:05:00,2026-01-22T16:05:00Z,A6-EYJ,EY,AUH,CDG,EY335,2026-01-23T01:05:00,2026-01-23T01:05:00Z,2026-01-22T16:05:00,2026-01-22T16:05:00Z
FLT-1033,EY1677,4,Paris Winter Storm + Temperature-Controlled Cargo Crisis,Y,Winter storm delays,360,A6-EYK,4,A350,350,13000,12,1,AUH,5,CDG,2026-01-22 10:34:00,2026-01-22 13:34:00,2026-01-22 19:34:00,Delayed,A2,3,CLEAR,,,,,,,,A6-EYI,EY,CDG,AUH,EY2796,2026-01-22T15:10:00,2026-01-22T15:10:00Z,2026-01-22T06:10:00,2026-01-22T06:10:00Z,A6-EYK,EY,AUH,CDG,EY1678,2026-01-23T07:13:00,2026-01-23T07:13:00Z,2026-01-22T18:13:00,2026-01-22T18:13:00Z
FLT-1034,EY462,4,Paris Winter Storm + Temperature-Controlled Cargo Crisis,Y,Diverted due to CDG closure,180,A6-EYL,4,A350,350,13000,12,1,AUH,6,FRA,2026-01-22 12:30:00,2026-01-22 23:30:00,2026-01-23 02:30:00,Delayed,B2,3,CLEAR,,,,,,,,A6-EYJ,EY,AUH,CDG,EY335,2026-01-23T01:05:00,2026-01-23T01:05:00Z,2026-01-22T16:05:00,2026-01-22T16:05:00Z,A6-EYK,EY,CDG,AUH,EY1677,2026-01-22T13:34:00,2026-01-22T13:34:00Z,2026-01-22T10:34:00,2026-01-22T10:34:00Z
FLT-1035,EY2797,4,Paris Winter Storm + Temperature-Controlled Cargo Crisis,N,LIAC from EY2796,240,A6-EYI,3,B787-10,330,12000,10,5,CDG,1,AUH,2026-01-22 14:05:00,2026-01-22 19:05:00,2026-01-22 23:05:00,Delayed,D4,3,ACTIVE,A,4.0,2026-01-26,MEL-352,REF-1651,2026-01-17,Speed limited to M0.82,A6-EYJ,EY,CDG,AUH,EY334,2026-01-22T15:12:00,2026-01-22T15:12:00Z,2026-01-22T08:12:00,2026-01-22T08:12:00Z,A6-EYK,EY,CDG,AUH,EY1677,2026-01-22T13:34:00,2026-01-22T13:34:00Z,2026-01-22T10:34:00,2026-01-22T10:34:00Z
FLT-1036,EY335,4,Paris Winter Storm + Temperature-Controlled Cargo Crisis,N,LIAC from EY334,300,A6-EYJ,3,B787-10,330,12000,10,5,CDG,1,AUH,2026-01-22 16:05:00,2026-01-23 01:05:00,2026-01-23 06:05:00,Delayed,C30,2,CLEAR,,,,,,,,A6-EYJ,EY,CDG,AUH,EY334,2026-01-22T15:12:00,2026-01-22T15:12:00Z,2026-01-22T08:12:00,2026-01-22T08:12:00Z,A6-EYJ,EY,CDG,AUH,EY334,2026-01-22T15:12:00,2026-01-22T15:12:00Z,2026-01-22T08:12:00,2026-01-22T08:12:00Z
FLT-1037,EY1678,4,Paris Winter Storm + Temperature-Controlled Cargo Crisis,N,LIAC from EY1677,360,A6-EYK,4,A350,350,13000,12,5,CDG,1,AUH,2026-01-22 18:13:00,2026-01-23 07:13:00,2026-01-23 13:13:00,Delayed,B9,2,CLEAR,,,,,,,,A6-EYK,EY,CDG,AUH,EY1677,2026-01-22T13:34:00,2026-01-22T13:34:00Z,2026-01-22T10:34:00,2026-01-22T10:34:00Z,A6-EYK,EY,CDG,AUH,EY1677,2026-01-22T13:34:00,2026-01-22T13:34:00Z,2026-01-22T10:34:00,2026-01-22T10:34:00Z
FLT-1038,EY463,4,Paris Winter Storm + Temperature-Controlled Cargo Crisis,N,LIAC from EY462,180,A6-EYL,4,A350,350,13000,12,6,FRA,1,AUH,2026-01-22 20:08:00,2026-01-23 09:08:00,2026-01-23 12:08:00,Delayed,D11,1,CLEAR,,,,,,,,A6-EYJ,EY,CDG,AUH,EY334,2026-01-22T15:12:00,2026-01-22T15:12:00Z,2026-01-22T08:12:00,2026-01-22T08:12:00Z,A6-EYL,EY,FRA,AUH,EY462,2026-01-22T23:30:00,2026-01-22T23:30:00Z,2026-01-22T12:30:00,2026-01-22T12:30:00Z
FLT-1039,EY8396,5,Dubai Sandstorm + Hub Congestion + Multiple MEL Aircraft,Y,Sandstorm causes diversion,120,A6-EYM,4,A350,350,13000,12,1,AUH,12,DOH,2026-01-23 06:53:00,2026-01-23 17:53:00,2026-01-23 19:53:00,Delayed,A22,3,CLEAR,,,,,,,,A6-EYF,EY,AUH,LHR,EY432,2026-01-24T03:05:00,2026-01-24T03:05:00Z,2026-01-23T14:05:00,2026-01-23T14:05:00Z,A6-EYM,EY,AUH,DOH,EY8397,2026-01-24T09:37:00,2026-01-24T09:37:00Z,2026-01-23T22:37:00,2026-01-23T22:37:00Z
FLT-1040,EY4943,5,Dubai Sandstorm + Hub Congestion + Multiple MEL Aircraft,Y,Hub congestion delays,90,A6-EYN,5,A321LR,206,4200,6,1,AUH,12,DOH,2026-01-23 08:19:00,2026-01-23 21:19:00,2026-01-23 22:49:00,Delayed,A29,1,ACTIVE,B,5.0,2026-01-28,MEL-860,REF-3546,2026-01-20,Speed limited to M0.82,A6-EYF,EY,LHR,AUH,EY433,2026-01-23T15:01:00,2026-01-23T15:01:00Z,2026-01-23T10:01:00,2026-01-23T10:01:00Z,A6-EYF,EY,AUH,LHR,EY432,2026-01-24T03:05:00,2026-01-24T03:05:00Z,2026-01-23T14:05:00,2026-01-23T14:05:00Z
FLT-1041,EY912,5,Dubai Sandstorm + Hub Congestion + Multiple MEL Aircraft,Y,Delayed due to congestion,180,A6-EYA,1,A380,516,16000,16,7,JFK,1,AUH,2026-01-23 10:18:00,2026-01-23 22:18:00,2026-01-24 01:18:00,Delayed,C7,3,CLEAR,,,,,,,,A6-EYQ,EY,DEL,AUH,EY170,2026-01-24T10:56:00,2026-01-24T10:56:00Z,2026-01-23T20:56:00,2026-01-23T20:56:00Z,A6-EYH,EY,DEL,AUH,EY1202,2026-01-24T05:28:00,2026-01-24T05:28:00Z,2026-01-23T18:28:00,2026-01-23T18:28:00Z
FLT-1042,EY639,5,Dubai Sandstorm + Hub Congestion + Multiple MEL Aircraft,Y,MEL aircraft + congestion,240,A6-EYB,1,A380,516,16000,16,1,AUH,7,JFK,2026-01-23 12:40:00,2026-01-23 19:40:00,2026-01-23 23:40:00,Delayed,C29,1,CLEAR,,,,,,,,A6-EYG,EY,LHR,AUH,EY8184,2026-01-23T21:21:00,2026-01-23T21:21:00Z,2026-01-23T16:21:00,2026-01-23T16:21:00Z,A6-EYN,EY,DOH,AUH,EY4943,2026-01-23T21:19:00,2026-01-23T21:19:00Z,2026-01-23T08:19:00,2026-01-23T08:19:00Z
FLT-1043,EY432,5,Dubai Sandstorm + Hub Congestion + Multiple MEL Aircraft,Y,Diverted to AUH,150,A6-EYF,3,B787-10,330,12000,10,3,LHR,1,AUH,2026-01-23 14:05:00,2026-01-24 03:05:00,2026-01-24 05:35:00,Delayed,C2,1,CLEAR,,,,,,,,A6-EYQ,EY,AUH,DEL,EY171,2026-01-24T04:50:00,2026-01-24T04:50:00Z,2026-01-23T14:50:00,2026-01-23T14:50:00Z,A6-EYG,EY,LHR,AUH,EY8184,2026-01-23T21:21:00,2026-01-23T21:21:00Z,2026-01-23T16:21:00,2026-01-23T16:21:00Z
FLT-1044,EY8184,5,Dubai Sandstorm + Hub Congestion + Multiple MEL Aircraft,Y,Delayed departure,90,A6-EYG,3,B787-10,330,12000,10,1,AUH,3,LHR,2026-01-23 16:21:00,2026-01-23 21:21:00,2026-01-23 22:51:00,Delayed,C6,3,CLEAR,,,,,,,,A6-EYH,EY,DEL,AUH,EY1202,2026-01-24T05:28:00,2026-01-24T05:28:00Z,2026-01-23T18:28:00,2026-01-23T18:28:00Z,A6-EYF,EY,LHR,AUH,EY433,2026-01-23T15:01:00,2026-01-23T15:01:00Z,2026-01-23T10:01:00,2026-01-23T10:01:00Z
FLT-1045,EY1202,5,Dubai Sandstorm + Hub Congestion + Multiple MEL Aircraft,Y,MEL aircraft swap,180,A6-EYH,3,B787-10,330,12000,10,1,AUH,8,DEL,2026-01-23 18:28:00,2026-01-24 05:28:00,2026-01-24 08:28:00,Delayed,A4,1,CLEAR,,,,,,,,A6-EYN,EY,AUH,DOH,EY4944,2026-01-23T10:42:00,2026-01-23T10:42:00Z,2026-01-23T06:42:00,2026-01-23T06:42:00Z,A6-EYQ,EY,DEL,AUH,EY170,2026-01-24T10:56:00,2026-01-24T10:56:00Z,2026-01-23T20:56:00,2026-01-23T20:56:00Z
FLT-1046,EY170,5,Dubai Sandstorm + Hub Congestion + Multiple MEL Aircraft,Y,Delayed due to congestion,120,A6-EYQ,6,A320,180,3500,4,1,AUH,8,DEL,2026-01-23 20:56:00,2026-01-24 10:56:00,2026-01-24 12:56:00,Delayed,A27,2,CLEAR,,,,,,,,A6-EYF,EY,LHR,AUH,EY433,2026-01-23T15:01:00,2026-01-23T15:01:00Z,2026-01-23T10:01:00,2026-01-23T10:01:00Z,A6-EYN,EY,AUH,DOH,EY4944,2026-01-23T10:42:00,2026-01-23T10:42:00Z,2026-01-23T06:42:00,2026-01-23T06:42:00Z
FLT-1047,EY8397,5,Dubai Sandstorm + Hub Congestion + Multiple MEL Aircraft,N,LIAC from EY8396,120,A6-EYM,4,A350,350,13000,12,12,DOH,1,AUH,2026-01-23 22:37:00,2026-01-24 09:37:00,2026-01-24 11:37:00,Delayed,C12,1,ACTIVE,B,1.0,2026-01-24,MEL-466,REF-4441,2026-01-21,Speed limited to M0.82,A6-EYM,EY,DOH,AUH,EY8396,2026-01-23T17:53:00,2026-01-23T17:53:00Z,2026-01-23T06:53:00,2026-01-23T06:53:00Z,A6-EYM,EY,DOH,AUH,EY8396,2026-01-23T17:53:00,2026-01-23T17:53:00Z,2026-01-23T06:53:00,2026-01-23T06:53:00Z
FLT-1048,EY4944,5,Dubai Sandstorm + Hub Congestion + Multiple MEL Aircraft,N,LIAC from EY4943,90,A6-EYN,5,A321LR,206,4200,6,12,DOH,1,AUH,2026-01-23 06:42:00,2026-01-23 10:42:00,2026-01-23 12:12:00,Delayed,D20,3,CLEAR,,,,,,,,A6-EYN,EY,DOH,AUH,EY4943,2026-01-23T21:19:00,2026-01-23T21:19:00Z,2026-01-23T08:19:00,2026-01-23T08:19:00Z,A6-EYF,EY,AUH,LHR,EY432,2026-01-24T03:05:00,2026-01-24T03:05:00Z,2026-01-23T14:05:00,2026-01-23T14:05:00Z
FLT-1049,EY913,5,Dubai Sandstorm + Hub Congestion + Multiple MEL Aircraft,N,LIAC from EY912,180,A6-EYA,1,A380,516,16000,16,1,AUH,7,JFK,2026-01-23 08:09:00,2026-01-23 14:09:00,2026-01-23 17:09:00,Delayed,B29,2,CLEAR,,,,,,,,A6-EYA,EY,AUH,JFK,EY912,2026-01-23T22:18:00,2026-01-23T22:18:00Z,2026-01-23T10:18:00,2026-01-23T10:18:00Z,A6-EYN,EY,AUH,DOH,EY4944,2026-01-23T10:42:00,2026-01-23T10:42:00Z,2026-01-23T06:42:00,2026-01-23T06:42:00Z
FLT-1050,EY433,5,Dubai Sandstorm + Hub Congestion + Multiple MEL Aircraft,N,LIAC from EY432,150,A6-EYF,3,B787-10,330,12000,10,1,AUH,3,LHR,2026-01-23 10:01:00,2026-01-23 15:01:00,2026-01-23 17:31:00,Delayed,C26,2,CLEAR,,,,,,,,A6-EYF,EY,AUH,LHR,EY432,2026-01-24T03:05:00,2026-01-24T03:05:00Z,2026-01-23T14:05:00,2026-01-23T14:05:00Z,A6-EYM,EY,DOH,AUH,EY8396,2026-01-23T17:53:00,2026-01-23T17:53:00Z,2026-01-23T06:53:00,2026-01-23T06:53:00Z
FLT-1051,EY1203,5,Dubai Sandstorm + Hub Congestion + Multiple MEL Aircraft,N,LIAC from EY1202,180,A6-EYH,3,B787-10,330,12000,10,8,DEL,1,AUH,2026-01-23 12:51:00,2026-01-24 01:51:00,2026-01-24 04:51:00,Delayed,B9,1,CLEAR,,,,,,,,A6-EYN,EY,DOH,AUH,EY4943,2026-01-23T21:19:00,2026-01-23T21:19:00Z,2026-01-23T08:19:00,2026-01-23T08:19:00Z,A6-EYN,EY,AUH,DOH,EY4944,2026-01-23T10:42:00,2026-01-23T10:42:00Z,2026-01-23T06:42:00,2026-01-23T06:42:00Z
FLT-1052,EY171,5,Dubai Sandstorm + Hub Congestion + Multiple MEL Aircraft,N,LIAC from EY170,120,A6-EYQ,6,A320,180,3500,4,8,DEL,1,AUH,2026-01-23 14:50:00,2026-01-24 04:50:00,2026-01-24 06:50:00,Delayed,B7,2,ACTIVE,A,8.0,2026-01-31,MEL-458,REF-6000,2026-01-21,Speed limited to M0.82,A6-EYH,EY,DEL,AUH,EY1202,2026-01-24T05:28:00,2026-01-24T05:28:00Z,2026-01-23T18:28:00,2026-01-23T18:28:00Z,A6-EYG,EY,LHR,AUH,EY8184,2026-01-23T21:21:00,2026-01-23T21:21:00Z,2026-01-23T16:21:00,2026-01-23T16:21:00Z
FLT-1053,EY7151,6,Multiple Aircraft AOG + Engine Failure Cascade,Y,No aircraft (B777X AOG),480,A6-EYD,2,B777X,400,14000,14,1,AUH,10,CAI,2026-01-24 06:46:00,2026-01-24 14:46:00,2026-01-24 22:46:00,Delayed,A13,3,CLEAR,,,,,,,,A6-EYK,EY,DEL,AUH,EY003,2026-01-24T23:20:00,2026-01-24T23:20:00Z,2026-01-24T10:20:00,2026-01-24T10:20:00Z,A6-EYK,EY,AUH,DEL,EY004,2026-01-24T21:57:00,2026-01-24T21:57:00Z,2026-01-24T16:57:00,2026-01-24T16:57:00Z
FLT-1054,EY3102,6,Multiple Aircraft AOG + Engine Failure Cascade,Y,No aircraft (B777X AOG),480,A6-EYE,2,B777X,400,14000,14,1,AUH,11,FCO,2026-01-24 08:12:00,2026-01-24 15:12:00,2026-01-24 23:12:00,Delayed,B12,2,ACTIVE,D,1.0,2026-01-25,MEL-171,REF-6409,2026-01-19,Speed limited to M0.82,A6-EYE,EY,AUH,FCO,EY3103,2026-01-24T23:12:00,2026-01-24T23:12:00Z,2026-01-24T14:12:00,2026-01-24T14:12:00Z,A6-EYA,EY,AUH,JFK,EY912,2026-01-25T09:38:00,2026-01-25T09:38:00Z,2026-01-24T20:38:00,2026-01-24T20:38:00Z
FLT-1055,EY003,6,Multiple Aircraft AOG + Engine Failure Cascade,Y,No aircraft (B777X AOG),480,A6-EYK,4,A350,350,13000,12,1,AUH,8,DEL,2026-01-24 10:20:00,2026-01-24 23:20:00,2026-01-25 07:20:00,Delayed,C17,2,CLEAR,,,,,,,,A6-EYA,EY,AUH,JFK,EY912,2026-01-25T09:38:00,2026-01-25T09:38:00Z,2026-01-24T20:38:00,2026-01-24T20:38:00Z,A6-EYL,EY,FCO,AUH,EY8086,2026-01-24T21:53:00,2026-01-24T21:53:00Z,2026-01-24T18:53:00,2026-01-24T18:53:00Z
FLT-1056,EY7152,6,Multiple Aircraft AOG + Engine Failure Cascade,N,LIAC from EY7151,480,A6-EYD,2,B777X,400,14000,14,10,CAI,1,AUH,2026-01-24 12:42:00,2026-01-24 21:42:00,2026-01-25 05:42:00,Delayed,C18,1,CLEAR,,,,,,,,A6-EYE,EY,FCO,AUH,EY3102,2026-01-24T15:12:00,2026-01-24T15:12:00Z,2026-01-24T08:12:00,2026-01-24T08:12:00Z,A6-EYL,EY,FCO,AUH,EY8086,2026-01-24T21:53:00,2026-01-24T21:53:00Z,2026-01-24T18:53:00,2026-01-24T18:53:00Z
FLT-1057,EY3103,6,Multiple Aircraft AOG + Engine Failure Cascade,N,LIAC from EY3102,480,A6-EYE,2,B777X,400,14000,14,11,FCO,1,AUH,2026-01-24 14:12:00,2026-01-24 23:12:00,2026-01-25 07:12:00,Delayed,D22,3,CLEAR,,,,,,,,A6-EYD,EY,CAI,AUH,EY7151,2026-01-24T14:46:00,2026-01-24T14:46:00Z,2026-01-24T06:46:00,2026-01-24T06:46:00Z,A6-EYK,EY,DEL,AUH,EY003,2026-01-24T23:20:00,2026-01-24T23:20:00Z,2026-01-24T10:20:00,2026-01-24T10:20:00Z
FLT-1058,EY004,6,Multiple Aircraft AOG + Engine Failure Cascade,N,LIAC from EY003,480,A6-EYK,4,A350,350,13000,12,8,DEL,1,AUH,2026-01-24 16:57:00,2026-01-24 21:57:00,2026-01-25 05:57:00,Delayed,C13,3,CLEAR,,,,,,,,A6-EYE,EY,AUH,FCO,EY3103,2026-01-24T23:12:00,2026-01-24T23:12:00Z,2026-01-24T14:12:00,2026-01-24T14:12:00Z,A6-EYL,EY,FCO,AUH,EY8086,2026-01-24T21:53:00,2026-01-24T21:53:00Z,2026-01-24T18:53:00,2026-01-24T18:53:00Z
FLT-1059,EY8086,6,Multiple Aircraft AOG + Engine Failure Cascade,N,Fleet inspection delay,120,A6-EYL,4,A350,350,13000,12,1,AUH,11,FCO,2026-01-24 18:53:00,2026-01-24 21:53:00,2026-01-24 23:53:00,Delayed,B14,3,CLEAR,,,,,,,,A6-EYK,EY,AUH,DEL,EY004,2026-01-24T21:57:00,2026-01-24T21:57:00Z,2026-01-24T16:57:00,2026-01-24T16:57:00Z,A6-EYE,EY,AUH,FCO,EY3103,2026-01-24T23:12:00,2026-01-24T23:12:00Z,2026-01-24T14:12:00,2026-01-24T14:12:00Z
FLT-1060,EY912,6,Multiple Aircraft AOG + Engine Failure Cascade,N,Runway closure 45min,45,A6-EYA,1,A380,516,16000,16,7,JFK,1,AUH,2026-01-24 20:38:00,2026-01-25 09:38:00,2026-01-25 10:23:00,Scheduled,D15,3,CLEAR,,,,,,,,A6-EYK,EY,DEL,AUH,EY003,2026-01-24T23:20:00,2026-01-24T23:20:00Z,2026-01-24T10:20:00,2026-01-24T10:20:00Z,A6-EYD,EY,CAI,AUH,EY7151,2026-01-24T14:46:00,2026-01-24T14:46:00Z,2026-01-24T06:46:00,2026-01-24T06:46:00Z
FLT-1061,EY8086,7,Crew Out of Hours + Insufficient Cabin Crew Crisis,Y,Crew FDP exceeded,300,A6-EYI,3,B787-10,330,12000,10,1,AUH,11,FCO,2026-01-25 06:52:00,2026-01-25 12:52:00,2026-01-25 17:52:00,Delayed,B26,1,CLEAR,,,,,,,,A6-EYK,EY,AUH,CDG,EY335,2026-01-25T20:04:00,2026-01-25T20:04:00Z,2026-01-25T06:04:00,2026-01-25T06:04:00Z,A6-EYI,EY,AUH,FCO,EY8087,2026-01-26T05:57:00,2026-01-26T05:57:00Z,2026-01-25T18:57:00,2026-01-25T18:57:00Z
FLT-1062,EY6622,7,Crew Out of Hours + Insufficient Cabin Crew Crisis,Y,Crew FDP exceeded,240,A6-EYJ,3,B787-10,330,12000,10,8,DEL,1,AUH,2026-01-25 08:09:00,2026-01-25 11:09:00,2026-01-25 15:09:00,Delayed,A15,2,ACTIVE,D,10.0,2026-02-04,MEL-744,REF-4185,2026-01-21,Speed limited to M0.82,A6-EYF,EY,AUH,LHR,EY432,2026-01-25T21:49:00,2026-01-25T21:49:00Z,2026-01-25T12:49:00,2026-01-25T12:49:00Z,A6-EYF,EY,AUH,LHR,EY432,2026-01-25T21:49:00,2026-01-25T21:49:00Z,2026-01-25T12:49:00,2026-01-25T12:49:00Z
FLT-1063,EY0739,7,Crew Out of Hours + Insufficient Cabin Crew Crisis,Y,Insufficient cabin crew,360,A6-EYA,1,A380,516,16000,16,1,AUH,9,SYD,2026-01-25 10:31:00,2026-01-25 19:31:00,2026-01-26 01:31:00,Delayed,A29,1,CLEAR,,,,,,,,A6-EYH,EY,DEL,AUH,EY1202,2026-01-25T18:15:00,2026-01-25T18:15:00Z,2026-01-25T14:15:00,2026-01-25T14:15:00Z,A6-EYA,EY,AUH,SYD,EY0740,2026-01-26T06:47:00,2026-01-26T06:47:00Z,2026-01-25T20:47:00,2026-01-25T20:47:00Z
FLT-1064,EY432,7,Crew Out of Hours + Insufficient Cabin Crew Crisis,Y,Crew FDP exceeded,180,A6-EYF,3,B787-10,330,12000,10,3,LHR,1,AUH,2026-01-25 12:49:00,2026-01-25 21:49:00,2026-01-26 00:49:00,Delayed,D2,3,CLEAR,,,,,,,,A6-EYA,EY,SYD,AUH,EY0739,2026-01-25T19:31:00,2026-01-25T19:31:00Z,2026-01-25T10:31:00,2026-01-25T10:31:00Z,A6-EYF,EY,LHR,AUH,EY433,2026-01-26T09:17:00,2026-01-26T09:17:00Z,2026-01-25T22:17:00,2026-01-25T22:17:00Z
FLT-1065,EY1202,7,Crew Out of Hours + Insufficient Cabin Crew Crisis,Y,Insufficient cabin crew,240,A6-EYH,3,B787-10,330,12000,10,1,AUH,8,DEL,2026-01-25 14:15:00,2026-01-25 18:15:00,2026-01-25 22:15:00,Delayed,D22,3,CLEAR,,,,,,,,A6-EYJ,EY,AUH,DEL,EY6622,2026-01-25T11:09:00,2026-01-25T11:09:00Z,2026-01-25T08:09:00,2026-01-25T08:09:00Z,A6-EYA,EY,AUH,SYD,EY0740,2026-01-26T06:47:00,2026-01-26T06:47:00Z,2026-01-25T20:47:00,2026-01-25T20:47:00Z
FLT-1066,EY334,7,Crew Out of Hours + Insufficient Cabin Crew Crisis,Y,Crew FDP exceeded,300,A6-EYK,4,A350,350,13000,12,1,AUH,5,CDG,2026-01-25 16:35:00,2026-01-26 04:35:00,2026-01-26 09:35:00,Delayed,D20,3,CLEAR,,,,,,,,A6-EYA,EY,AUH,SYD,EY0740,2026-01-26T06:47:00,2026-01-26T06:47:00Z,2026-01-25T20:47:00,2026-01-25T20:47:00Z,A6-EYI,EY,AUH,FCO,EY8087,2026-01-26T05:57:00,2026-01-26T05:57:00Z,2026-01-25T18:57:00,2026-01-25T18:57:00Z
FLT-1067,EY8087,7,Crew Out of Hours + Insufficient Cabin Crew Crisis,N,LIAC from EY8086,300,A6-EYI,3,B787-10,330,12000,10,11,FCO,1,AUH,2026-01-25 18:57:00,2026-01-26 05:57:00,2026-01-26 10:57:00,Delayed,D29,1,CLEAR,,,,,,,,A6-EYI,EY,FCO,AUH,EY8086,2026-01-25T12:52:00,2026-01-25T12:52:00Z,2026-01-25T06:52:00,2026-01-25T06:52:00Z,A6-EYA,EY,AUH,SYD,EY0740,2026-01-26T06:47:00,2026-01-26T06:47:00Z,2026-01-25T20:47:00,2026-01-25T20:47:00Z
FLT-1068,EY0740,7,Crew Out of Hours + Insufficient Cabin Crew Crisis,N,LIAC from EY0739,360,A6-EYA,1,A380,516,16000,16,9,SYD,1,AUH,2026-01-25 20:47:00,2026-01-26 06:47:00,2026-01-26 12:47:00,Delayed,B27,3,CLEAR,,,,,,,,A6-EYA,EY,SYD,AUH,EY0739,2026-01-25T19:31:00,2026-01-25T19:31:00Z,2026-01-25T10:31:00,2026-01-25T10:31:00Z,A6-EYF,EY,AUH,LHR,EY432,2026-01-25T21:49:00,2026-01-25T21:49:00Z,2026-01-25T12:49:00,2026-01-25T12:49:00Z
FLT-1069,EY433,7,Crew Out of Hours + Insufficient Cabin Crew Crisis,N,LIAC from EY432,180,A6-EYF,3,B787-10,330,12000,10,1,AUH,3,LHR,2026-01-25 22:17:00,2026-01-26 09:17:00,2026-01-26 12:17:00,Delayed,B9,2,CLEAR,,,,,,,,A6-EYF,EY,AUH,LHR,EY432,2026-01-25T21:49:00,2026-01-25T21:49:00Z,2026-01-25T12:49:00,2026-01-25T12:49:00Z,A6-EYI,EY,AUH,FCO,EY8087,2026-01-26T05:57:00,2026-01-26T05:57:00Z,2026-01-25T18:57:00,2026-01-25T18:57:00Z
FLT-1070,EY335,7,Crew Out of Hours + Insufficient Cabin Crew Crisis,N,LIAC from EY334,300,A6-EYK,4,A350,350,13000,12,5,CDG,1,AUH,2026-01-25 06:04:00,2026-01-25 20:04:00,2026-01-26 01:04:00,Delayed,C11,2,CLEAR,,,,,,,,A6-EYI,EY,FCO,AUH,EY8086,2026-01-25T12:52:00,2026-01-25T12:52:00Z,2026-01-25T06:52:00,2026-01-25T06:52:00Z,A6-EYI,EY,AUH,FCO,EY8087,2026-01-26T05:57:00,2026-01-26T05:57:00Z,2026-01-25T18:57:00,2026-01-25T18:57:00Z
FLT-1071,EY8086,8,Runway Closure + Airspace Flow Rate Restrictions,Y,Departure delayed,60,A6-EYI,3,B787-10,330,12000,10,1,AUH,11,FCO,2026-01-27 06:30:00,2026-01-27 09:30:00,2026-01-27 10:30:00,Scheduled,C25,2,CLEAR,,,,,,,,A6-EYL,EY,AUH,DEL,EY6005,2026-01-27T21:30:00,2026-01-27T21:30:00Z,2026-01-27T08:30:00,2026-01-27T08:30:00Z,A6-EYF,EY,LHR,AUH,EY433,2026-01-28T03:44:00,2026-01-28T03:44:00Z,2026-01-27T14:44:00,2026-01-27T14:44:00Z
FLT-1072,EY4943,8,Runway Closure + Airspace Flow Rate Restrictions,Y,Departure delayed,45,A6-EYM,4,A350,350,13000,12,1,AUH,12,DOH,2026-01-27 08:54:00,2026-01-27 17:54:00,2026-01-27 18:39:00,Scheduled,B16,1,CLEAR,,,,,,,,A6-EYN,EY,AUH,CAI,EY9626,2026-01-27T19:17:00,2026-01-27T19:17:00Z,2026-01-27T10:17:00,2026-01-27T10:17:00Z,A6-EYF,EY,LHR,AUH,EY433,2026-01-28T03:44:00,2026-01-28T03:44:00Z,2026-01-27T14:44:00,2026-01-27T14:44:00Z
FLT-1073,EY9626,8,Runway Closure + Airspace Flow Rate Restrictions,Y,Arrival delayed,90,A6-EYN,5,A321LR,206,4200,6,10,CAI,1,AUH,2026-01-27 10:17:00,2026-01-27 19:17:00,2026-01-27 20:47:00,Delayed,D11,3,CLEAR,,,,,,,,A6-EYL,EY,AUH,DEL,EY6005,2026-01-27T21:30:00,2026-01-27T21:30:00Z,2026-01-27T08:30:00,2026-01-27T08:30:00Z,A6-EYF,EY,LHR,AUH,EY433,2026-01-28T03:44:00,2026-01-28T03:44:00Z,2026-01-27T14:44:00,2026-01-27T14:44:00Z
FLT-1074,EY432,8,Runway Closure + Airspace Flow Rate Restrictions,Y,Arrival delayed,75,A6-EYF,3,B787-10,330,12000,10,3,LHR,1,AUH,2026-01-27 12:43:00,2026-01-27 21:43:00,2026-01-27 22:58:00,Delayed,D30,1,CLEAR,,,,,,,,A6-EYI,EY,FCO,AUH,EY8086,2026-01-27T09:30:00,2026-01-27T09:30:00Z,2026-01-27T06:30:00,2026-01-27T06:30:00Z,A6-EYA,EY,AUH,JFK,EY912,2026-01-28T02:20:00,2026-01-28T02:20:00Z,2026-01-27T18:20:00,2026-01-27T18:20:00Z
FLT-1075,EY1202,8,Runway Closure + Airspace Flow Rate Restrictions,Y,Departure delayed,60,A6-EYH,3,B787-10,330,12000,10,1,AUH,8,DEL,2026-01-27 14:39:00,2026-01-28 01:39:00,2026-01-28 02:39:00,Scheduled,A3,3,ACTIVE,D,10.0,2026-02-06,MEL-538,REF-3223,2026-01-23,Speed limited to M0.82,A6-EYK,EY,AUH,FCO,EY5265,2026-01-27T12:15:00,2026-01-27T12:15:00Z,2026-01-27T06:15:00,2026-01-27T06:15:00Z,A6-EYB,EY,SYD,AUH,EY0739,2026-01-28T00:16:00,2026-01-28T00:16:00Z,2026-01-27T20:16:00,2026-01-27T20:16:00Z
FLT-1076,EY8184,8,Runway Closure + Airspace Flow Rate Restrictions,Y,Departure delayed,90,A6-EYG,3,B787-10,330,12000,10,1,AUH,3,LHR,2026-01-27 16:11:00,2026-01-27 19:11:00,2026-01-27 20:41:00,Delayed,C7,2,CLEAR,,,,,,,,A6-EYO,EY,CDG,AUH,EY2796,2026-01-27T14:19:00,2026-01-27T14:19:00Z,2026-01-27T10:19:00,2026-01-27T10:19:00Z,A6-EYA,EY,AUH,JFK,EY912,2026-01-28T02:20:00,2026-01-28T02:20:00Z,2026-01-27T18:20:00,2026-01-27T18:20:00Z
FLT-1077,EY912,8,Runway Closure + Airspace Flow Rate Restrictions,Y,Arrival delayed,120,A6-EYA,1,A380,516,16000,16,7,JFK,1,AUH,2026-01-27 18:20:00,2026-01-28 02:20:00,2026-01-28 04:20:00,Delayed,D9,2,CLEAR,,,,,,,,A6-EYM,EY,DOH,AUH,EY4943,2026-01-27T17:54:00,2026-01-27T17:54:00Z,2026-01-27T08:54:00,2026-01-27T08:54:00Z,A6-EYK,EY,AUH,FCO,EY5265,2026-01-27T12:15:00,2026-01-27T12:15:00Z,2026-01-27T06:15:00,2026-01-27T06:15:00Z
FLT-1078,EY0739,8,Runway Closure + Airspace Flow Rate Restrictions,Y,Departure delayed,75,A6-EYB,1,A380,516,16000,16,1,AUH,9,SYD,2026-01-27 20:16:00,2026-01-28 00:16:00,2026-01-28 01:31:00,Delayed,A12,1,CLEAR,,,,,,,,A6-EYO,EY,CDG,AUH,EY2796,2026-01-27T14:19:00,2026-01-27T14:19:00Z,2026-01-27T10:19:00,2026-01-27T10:19:00Z,A6-EYG,EY,LHR,AUH,EY8184,2026-01-27T19:11:00,2026-01-27T19:11:00Z,2026-01-27T16:11:00,2026-01-27T16:11:00Z
FLT-1079,EY6622,8,Runway Closure + Airspace Flow Rate Restrictions,Y,Arrival delayed,60,A6-EYJ,3,B787-10,330,12000,10,8,DEL,1,AUH,2026-01-27 22:41:00,2026-01-28 02:41:00,2026-01-28 03:41:00,Scheduled,A25,1,CLEAR,,,,,,,,A6-EYI,EY,FCO,AUH,EY8086,2026-01-27T09:30:00,2026-01-27T09:30:00Z,2026-01-27T06:30:00,2026-01-27T06:30:00Z,A6-EYA,EY,AUH,JFK,EY912,2026-01-28T02:20:00,2026-01-28T02:20:00Z,2026-01-27T18:20:00,2026-01-27T18:20:00Z
FLT-1080,EY5265,8,Runway Closure + Airspace Flow Rate Restrictions,Y,Arrival delayed,90,A6-EYK,4,A350,350,13000,12,11,FCO,1,AUH,2026-01-27 06:15:00,2026-01-27 12:15:00,2026-01-27 13:45:00,Delayed,B8,1,CLEAR,,,,,,,,A6-EYB,EY,SYD,AUH,EY0739,2026-01-28T00:16:00,2026-01-28T00:16:00Z,2026-01-27T20:16:00,2026-01-27T20:16:00Z,A6-EYM,EY,DOH,AUH,EY4943,2026-01-27T17:54:00,2026-01-27T17:54:00Z,2026-01-27T08:54:00,2026-01-27T08:54:00Z
FLT-1081,EY6005,8,Runway Closure + Airspace Flow Rate Restrictions,Y,Arrival delayed,45,A6-EYL,4,A350,350,13000,12,8,DEL,1,AUH,2026-01-27 08:30:00,2026-01-27 21:30:00,2026-01-27 22:15:00,Scheduled,C25,2,ACTIVE,B,8.0,2026-02-04,MEL-271,REF-2876,2026-01-25,Speed limited to M0.82,A6-EYA,EY,AUH,JFK,EY912,2026-01-28T02:20:00,2026-01-28T02:20:00Z,2026-01-27T18:20:00,2026-01-27T18:20:00Z,A6-EYG,EY,LHR,AUH,EY8184,2026-01-27T19:11:00,2026-01-27T19:11:00Z,2026-01-27T16:11:00,2026-01-27T16:11:00Z
FLT-1082,EY2796,8,Runway Closure + Airspace Flow Rate Restrictions,Y,Departure delayed,60,A6-EYO,5,A321LR,206,4200,6,1,AUH,5,CDG,2026-01-27 10:19:00,2026-01-27 14:19:00,2026-01-27 15:19:00,Scheduled,C19,3,CLEAR,,,,,,,,A6-EYL,EY,AUH,DEL,EY6005,2026-01-27T21:30:00,2026-01-27T21:30:00Z,2026-01-27T08:30:00,2026-01-27T08:30:00Z,A6-EYB,EY,SYD,AUH,EY0739,2026-01-28T00:16:00,2026-01-28T00:16:00Z,2026-01-27T20:16:00,2026-01-27T20:16:00Z
FLT-1083,EY913,8,Runway Closure + Airspace Flow Rate Restrictions,N,LIAC from EY912,120,A6-EYA,1,A380,516,16000,16,1,AUH,7,JFK,2026-01-27 12:58:00,2026-01-27 21:58:00,2026-01-27 23:58:00,Delayed,B3,3,CLEAR,,,,,,,,A6-EYO,EY,CDG,AUH,EY2796,2026-01-27T14:19:00,2026-01-27T14:19:00Z,2026-01-27T10:19:00,2026-01-27T10:19:00Z,A6-EYN,EY,AUH,CAI,EY9626,2026-01-27T19:17:00,2026-01-27T19:17:00Z,2026-01-27T10:17:00,2026-01-27T10:17:00Z
FLT-1084,EY433,8,Runway Closure + Airspace Flow Rate Restrictions,N,LIAC from EY432,75,A6-EYF,3,B787-10,330,12000,10,1,AUH,3,LHR,2026-01-27 14:44:00,2026-01-28 03:44:00,2026-01-28 04:59:00,Delayed,C28,3,CLEAR,,,,,,,,A6-EYA,EY,AUH,JFK,EY912,2026-01-28T02:20:00,2026-01-28T02:20:00Z,2026-01-27T18:20:00,2026-01-27T18:20:00Z,A6-EYN,EY,AUH,CAI,EY9626,2026-01-27T19:17:00,2026-01-27T19:17:00Z,2026-01-27T10:17:00,2026-01-27T10:17:00Z
FLT-1085,EY8086,9,Security Threat + Geopolitical Airspace Diversion,Y,Terminal evacuation delay,180,A6-EYI,3,B787-10,330,12000,10,1,AUH,11,FCO,2026-01-28 06:46:00,2026-01-28 17:46:00,2026-01-28 20:46:00,Delayed,C20,3,CLEAR,,,,,,,,A6-EYF,EY,LHR,AUH,EY433,2026-01-28T20:18:00,2026-01-28T20:18:00Z,2026-01-28T14:18:00,2026-01-28T14:18:00Z,A6-EYI,EY,AUH,FCO,EY8087,2026-01-29T05:03:00,2026-01-29T05:03:00Z,2026-01-28T22:03:00,2026-01-28T22:03:00Z
FLT-1086,EY8184,9,Security Threat + Geopolitical Airspace Diversion,Y,Terminal evacuation delay,180,A6-EYG,3,B787-10,330,12000,10,1,AUH,3,LHR,2026-01-28 08:49:00,2026-01-28 18:49:00,2026-01-28 21:49:00,Delayed,C11,1,CLEAR,,,,,,,,A6-EYH,EY,AUH,DEL,EY1203,2026-01-28T23:44:00,2026-01-28T23:44:00Z,2026-01-28T18:44:00,2026-01-28T18:44:00Z,A6-EYN,EY,AUH,DEL,EY6005,2026-01-28T16:35:00,2026-01-28T16:35:00Z,2026-01-28T08:35:00,2026-01-28T08:35:00Z
FLT-1087,EY912,9,Security Threat + Geopolitical Airspace Diversion,Y,Airspace diversion required,240,A6-EYA,1,A380,516,16000,16,1,AUH,7,JFK,2026-01-28 10:53:00,2026-01-28 14:53:00,2026-01-28 18:53:00,Delayed,D8,2,CLEAR,,,,,,,,A6-EYV,EY,BKK,AUH,EY118,2026-01-28T19:07:00,2026-01-28T19:07:00Z,2026-01-28T08:07:00,2026-01-28T08:07:00Z,A6-EYJ,EY,AUH,CDG,EY335,2026-01-28T21:34:00,2026-01-28T21:34:00Z,2026-01-28T16:34:00,2026-01-28T16:34:00Z
FLT-1088,EY334,9,Security Threat + Geopolitical Airspace Diversion,Y,Terminal evacuation delay,180,A6-EYJ,3,B787-10,330,12000,10,1,AUH,5,CDG,2026-01-28 12:36:00,2026-01-29 00:36:00,2026-01-29 03:36:00,Delayed,C1,2,CLEAR,,,,,,,,A6-EYN,EY,AUH,DEL,EY6005,2026-01-28T16:35:00,2026-01-28T16:35:00Z,2026-01-28T08:35:00,2026-01-28T08:35:00Z,A6-EYV,EY,BKK,AUH,EY118,2026-01-28T19:07:00,2026-01-28T19:07:00Z,2026-01-28T08:07:00,2026-01-28T08:07:00Z
FLT-1089,EY1202,9,Security Threat + Geopolitical Airspace Diversion,Y,Airspace diversion required,240,A6-EYH,3,B787-10,330,12000,10,1,AUH,8,DEL,2026-01-28 14:54:00,2026-01-28 22:54:00,2026-01-29 02:54:00,Delayed,C11,2,ACTIVE,B,6.0,2026-02-03,MEL-710,REF-5526,2026-01-23,Speed limited to M0.82,A6-EYG,EY,LHR,AUH,EY8184,2026-01-28T18:49:00,2026-01-28T18:49:00Z,2026-01-28T08:49:00,2026-01-28T08:49:00Z,A6-EYJ,EY,CDG,AUH,EY334,2026-01-29T00:36:00,2026-01-29T00:36:00Z,2026-01-28T12:36:00,2026-01-28T12:36:00Z
FLT-1090,EY170,9,Security Threat + Geopolitical Airspace Diversion,Y,Airspace diversion required,240,A6-EYQ,6,A320,180,3500,4,1,AUH,8,DEL,2026-01-28 16:00:00,2026-01-29 03:00:00,2026-01-29 07:00:00,Delayed,A8,3,CLEAR,,,,,,,,A6-EYK,EY,AUH,DEL,EY6622,2026-01-29T10:41:00,2026-01-29T10:41:00Z,2026-01-28T20:41:00,2026-01-28T20:41:00Z,A6-EYK,EY,AUH,DEL,EY6622,2026-01-29T10:41:00,2026-01-29T10:41:00Z,2026-01-28T20:41:00,2026-01-28T20:41:00Z
FLT-1091,EY432,9,Security Threat + Geopolitical Airspace Diversion,Y,Arrival delayed (terminal closure),150,A6-EYF,3,B787-10,330,12000,10,3,LHR,1,AUH,2026-01-28 18:26:00,2026-01-29 04:26:00,2026-01-29 06:56:00,Delayed,B23,2,CLEAR,,,,,,,,A6-EYM,EY,AUH,FCO,EY3160,2026-01-28T16:23:00,2026-01-28T16:23:00Z,2026-01-28T06:23:00,2026-01-28T06:23:00Z,A6-EYA,EY,JFK,AUH,EY912,2026-01-28T14:53:00,2026-01-28T14:53:00Z,2026-01-28T10:53:00,2026-01-28T10:53:00Z
FLT-1092,EY6622,9,Security Threat + Geopolitical Airspace Diversion,Y,Arrival delayed (terminal closure),150,A6-EYK,4,A350,350,13000,12,8,DEL,1,AUH,2026-01-28 20:41:00,2026-01-29 10:41:00,2026-01-29 13:11:00,Delayed,A3,2,CLEAR,,,,,,,,A6-EYQ,EY,DEL,AUH,EY170,2026-01-29T03:00:00,2026-01-29T03:00:00Z,2026-01-28T16:00:00,2026-01-28T16:00:00Z,A6-EYL,EY,AUH,FCO,EY5265,2026-01-29T07:14:00,2026-01-29T07:14:00Z,2026-01-28T22:14:00,2026-01-28T22:14:00Z
FLT-1093,EY5265,9,Security Threat + Geopolitical Airspace Diversion,Y,Arrival delayed (terminal closure),150,A6-EYL,4,A350,350,13000,12,11,FCO,1,AUH,2026-01-28 22:14:00,2026-01-29 07:14:00,2026-01-29 09:44:00,Delayed,C22,3,CLEAR,,,,,,,,A6-EYQ,EY,DEL,AUH,EY170,2026-01-29T03:00:00,2026-01-29T03:00:00Z,2026-01-28T16:00:00,2026-01-28T16:00:00Z,A6-EYG,EY,AUH,LHR,EY8185,2026-01-28T16:25:00,2026-01-28T16:25:00Z,2026-01-28T06:25:00,2026-01-28T06:25:00Z
FLT-1094,EY3160,9,Security Threat + Geopolitical Airspace Diversion,Y,Arrival delayed (terminal closure),150,A6-EYM,4,A350,350,13000,12,11,FCO,1,AUH,2026-01-28 06:23:00,2026-01-28 16:23:00,2026-01-28 18:53:00,Delayed,C14,3,CLEAR,,,,,,,,A6-EYA,EY,JFK,AUH,EY912,2026-01-28T14:53:00,2026-01-28T14:53:00Z,2026-01-28T10:53:00,2026-01-28T10:53:00Z,A6-EYQ,EY,DEL,AUH,EY170,2026-01-29T03:00:00,2026-01-29T03:00:00Z,2026-01-28T16:00:00,2026-01-28T16:00:00Z
FLT-1095,EY6005,9,Security Threat + Geopolitical Airspace Diversion,Y,Arrival delayed (terminal closure),150,A6-EYN,5,A321LR,206,4200,6,8,DEL,1,AUH,2026-01-28 08:35:00,2026-01-28 16:35:00,2026-01-28 19:05:00,Delayed,D9,2,CLEAR,,,,,,,,A6-EYI,EY,FCO,AUH,EY8086,2026-01-28T17:46:00,2026-01-28T17:46:00Z,2026-01-28T06:46:00,2026-01-28T06:46:00Z,A6-EYJ,EY,AUH,CDG,EY335,2026-01-28T21:34:00,2026-01-28T21:34:00Z,2026-01-28T16:34:00,2026-01-28T16:34:00Z
FLT-1096,EY117,9,Security Threat + Geopolitical Airspace Diversion,Y,Arrival delayed (terminal closure),150,A6-EYV,6,A320,180,3500,4,2,BKK,1,AUH,2026-01-28 10:16:00,2026-01-28 16:16:00,2026-01-28 18:46:00,Delayed,A24,3,ACTIVE,B,6.0,2026-02-03,MEL-880,REF-4033,2026-01-26,Speed limited to M0.82,A6-EYH,EY,AUH,DEL,EY1203,2026-01-28T23:44:00,2026-01-28T23:44:00Z,2026-01-28T18:44:00,2026-01-28T18:44:00Z,A6-EYQ,EY,AUH,DEL,EY171,2026-01-29T03:36:00,2026-01-29T03:36:00Z,2026-01-28T20:36:00,2026-01-28T20:36:00Z
FLT-1097,EY913,9,Security Threat + Geopolitical Airspace Diversion,N,LIAC from EY912,240,A6-EYA,1,A380,516,16000,16,7,JFK,1,AUH,2026-01-28 12:13:00,2026-01-29 02:13:00,2026-01-29 06:13:00,Delayed,C4,1,CLEAR,,,,,,,,A6-EYM,EY,AUH,FCO,EY3160,2026-01-28T16:23:00,2026-01-28T16:23:00Z,2026-01-28T06:23:00,2026-01-28T06:23:00Z,A6-EYG,EY,LHR,AUH,EY8184,2026-01-28T18:49:00,2026-01-28T18:49:00Z,2026-01-28T08:49:00,2026-01-28T08:49:00Z
FLT-1098,EY433,9,Security Threat + Geopolitical Airspace Diversion,N,LIAC from EY432,150,A6-EYF,3,B787-10,330,12000,10,1,AUH,3,LHR,2026-01-28 14:18:00,2026-01-28 20:18:00,2026-01-28 22:48:00,Delayed,C1,3,CLEAR,,,,,,,,A6-EYK,EY,AUH,DEL,EY6622,2026-01-29T10:41:00,2026-01-29T10:41:00Z,2026-01-28T20:41:00,2026-01-28T20:41:00Z,A6-EYM,EY,AUH,FCO,EY3160,2026-01-28T16:23:00,2026-01-28T16:23:00Z,2026-01-28T06:23:00,2026-01-28T06:23:00Z
FLT-1099,EY335,9,Security Threat + Geopolitical Airspace Diversion,N,LIAC from EY334,180,A6-EYJ,3,B787-10,330,12000,10,5,CDG,1,AUH,2026-01-28 16:34:00,2026-01-28 21:34:00,2026-01-29 00:34:00,Delayed,A18,2,CLEAR,,,,,,,,A6-EYM,EY,AUH,FCO,EY3160,2026-01-28T16:23:00,2026-01-28T16:23:00Z,2026-01-28T06:23:00,2026-01-28T06:23:00Z,A6-EYH,EY,AUH,DEL,EY1203,2026-01-28T23:44:00,2026-01-28T23:44:00Z,2026-01-28T18:44:00,2026-01-28T18:44:00Z
FLT-1100,EY1203,9,Security Threat + Geopolitical Airspace Diversion,N,LIAC from EY1202,240,A6-EYH,3,B787-10,330,12000,10,8,DEL,1,AUH,2026-01-28 18:44:00,2026-01-28 23:44:00,2026-01-29 03:44:00,Delayed,D4,1,CLEAR,,,,,,,,A6-EYA,EY,JFK,AUH,EY912,2026-01-28T14:53:00,2026-01-28T14:53:00Z,2026-01-28T10:53:00,2026-01-28T10:53:00Z,A6-EYK,EY,AUH,DEL,EY6622,2026-01-29T10:41:00,2026-01-29T10:41:00Z,2026-01-28T20:41:00,2026-01-28T20:41:00Z
FLT-1101,EY171,9,Security Threat + Geopolitical Airspace Diversion,N,LIAC from EY170,240,A6-EYQ,6,A320,180,3500,4,8,DEL,1,AUH,2026-01-28 20:36:00,2026-01-29 03:36:00,2026-01-29 07:36:00,Delayed,D11,1,CLEAR,,,,,,,,A6-EYL,EY,AUH,FCO,EY5265,2026-01-29T07:14:00,2026-01-29T07:14:00Z,2026-01-28T22:14:00,2026-01-28T22:14:00Z,A6-EYV,EY,BKK,AUH,EY118,2026-01-28T19:07:00,2026-01-28T19:07:00Z,2026-01-28T08:07:00,2026-01-28T08:07:00Z
FLT-1102,EY8087,9,Security Threat + Geopolitical Airspace Diversion,N,LIAC from EY8086,180,A6-EYI,3,B787-10,330,12000,10,11,FCO,1,AUH,2026-01-28 22:03:00,2026-01-29 05:03:00,2026-01-29 08:03:00,Delayed,D4,1,CLEAR,,,,,,,,A6-EYI,EY,FCO,AUH,EY8086,2026-01-28T17:46:00,2026-01-28T17:46:00Z,2026-01-28T06:46:00,2026-01-28T06:46:00Z,A6-EYF,EY,LHR,AUH,EY433,2026-01-28T20:18:00,2026-01-28T20:18:00Z,2026-01-28T14:18:00,2026-01-28T14:18:00Z
FLT-1103,EY8185,9,Security Threat + Geopolitical Airspace Diversion,N,LIAC from EY8184,180,A6-EYG,3,B787-10,330,12000,10,3,LHR,1,AUH,2026-01-28 06:25:00,2026-01-28 16:25:00,2026-01-28 19:25:00,Delayed,B26,3,ACTIVE,A,3.0,2026-01-31,MEL-411,REF-2395,2026-01-26,Speed limited to M0.82,A6-EYJ,EY,CDG,AUH,EY334,2026-01-29T00:36:00,2026-01-29T00:36:00Z,2026-01-28T12:36:00,2026-01-28T12:36:00Z,A6-EYI,EY,AUH,FCO,EY8087,2026-01-29T05:03:00,2026-01-29T05:03:00Z,2026-01-28T22:03:00,2026-01-28T22:03:00Z
FLT-1104,EY118,9,Security Threat + Geopolitical Airspace Diversion,N,LIAC from EY117,150,A6-EYV,6,A320,180,3500,4,1,AUH,2,BKK,2026-01-28 08:07:00,2026-01-28 19:07:00,2026-01-28 21:37:00,Delayed,B25,3,CLEAR,,,,,,,,A6-EYK,EY,AUH,DEL,EY6622,2026-01-29T10:41:00,2026-01-29T10:41:00Z,2026-01-28T20:41:00,2026-01-28T20:41:00Z,A6-EYH,EY,DEL,AUH,EY1202,2026-01-28T22:54:00,2026-01-28T22:54:00Z,2026-01-28T14:54:00,2026-01-28T14:54:00Z
FLT-1105,EY8086,10,Medical Emergency + Tarmac Delay + Slot Unavailability,Y,Diverted to MCT for medical emergency,300,A6-EYI,3,B787-10,330,12000,10,1,AUH,11,FCO,2026-01-29 06:58:00,2026-01-29 13:58:00,2026-01-29 18:58:00,Delayed,A2,1,CLEAR,,,,,,,,A6-EYJ,EY,CDG,AUH,EY334,2026-01-30T00:29:00,2026-01-30T00:29:00Z,2026-01-29T10:29:00,2026-01-29T10:29:00Z,A6-EYJ,EY,CDG,AUH,EY334,2026-01-30T00:29:00,2026-01-30T00:29:00Z,2026-01-29T10:29:00,2026-01-29T10:29:00Z
FLT-1106,EY8087,10,Medical Emergency + Tarmac Delay + Slot Unavailability,N,LIAC from EY8086,300,A6-EYI,3,B787-10,330,12000,10,11,FCO,1,AUH,2026-01-29 08:50:00,2026-01-29 15:50:00,2026-01-29 20:50:00,Delayed,C15,1,CLEAR,,,,,,,,A6-EYI,EY,FCO,AUH,EY8086,2026-01-29T13:58:00,2026-01-29T13:58:00Z,2026-01-29T06:58:00,2026-01-29T06:58:00Z,A6-EYI,EY,FCO,AUH,EY8086,2026-01-29T13:58:00,2026-01-29T13:58:00Z,2026-01-29T06:58:00,2026-01-29T06:58:00Z
FLT-1107,EY334,10,Medical Emergency + Tarmac Delay + Slot Unavailability,N,Passengers rebooked from EY8086,60,A6-EYJ,3,B787-10,330,12000,10,1,AUH,5,CDG,2026-01-29 10:29:00,2026-01-30 00:29:00,2026-01-30 01:29:00,Scheduled,D9,3,CLEAR,,,,,,,,A6-EYI,EY,AUH,FCO,EY8087,2026-01-29T15:50:00,2026-01-29T15:50:00Z,2026-01-29T08:50:00,2026-01-29T08:50:00Z,A6-EYI,EY,AUH,FCO,EY8087,2026-01-29T15:50:00,2026-01-29T15:50:00Z,2026-01-29T08:50:00,2026-01-29T08:50:00Z
FLT-1108,EY401,11,EY401 Typhoon -> EY406 LIAC,Y,Typhoon delays departure,180,A6-EYU,6,A320,180,3500,4,2,BKK,1,AUH,2026-01-31 06:38:00,2026-01-31 13:38:00,2026-01-31 16:38:00,Delayed,A25,3,ACTIVE,B,10.0,2026-02-10,MEL-941,REF-5415,2026-01-26,Speed limited to M0.82,A6-EYF,EY,LHR,AUH,EY25,2026-01-31T23:21:00,2026-01-31T23:21:00Z,2026-01-31T14:21:00,2026-01-31T14:21:00Z,A6-EYJ,EY,CDG,AUH,EY334,2026-01-31T21:22:00,2026-01-31T21:22:00Z,2026-01-31T12:22:00,2026-01-31T12:22:00Z
FLT-1109,EY406,11,EY401 Typhoon -> EY406 LIAC,Y,LIAC - Late Inbound Aircraft Connection,180,A6-EYU,6,A320,180,3500,4,1,AUH,2,BKK,2026-01-31 08:02:00,2026-01-31 13:02:00,2026-01-31 16:02:00,Delayed,D30,2,CLEAR,,,,,,,,A6-EYB,EY,JFK,AUH,EY101,2026-02-01T03:52:00,2026-02-01T03:52:00Z,2026-01-31T16:52:00,2026-01-31T16:52:00Z,A6-EYO,EY,SIN,AUH,EY424,2026-01-31T20:28:00,2026-01-31T20:28:00Z,2026-01-31T06:28:00,2026-01-31T06:28:00Z
FLT-1110,EY454,11,EY401 Typhoon -> EY406 LIAC,N,Missed connections from EY401,45,A6-EYA,1,A380,516,16000,16,1,AUH,9,SYD,2026-01-31 10:11:00,2026-01-31 22:11:00,2026-01-31 22:56:00,Scheduled,D3,2,CLEAR,,,,,,,,A6-EYU,EY,AUH,BKK,EY401,2026-01-31T13:38:00,2026-01-31T13:38:00Z,2026-01-31T06:38:00,2026-01-31T06:38:00Z,A6-EYO,EY,SIN,AUH,EY424,2026-01-31T20:28:00,2026-01-31T20:28:00Z,2026-01-31T06:28:00,2026-01-31T06:28:00Z
FLT-1111,EY334,11,EY401 Typhoon -> EY406 LIAC,N,Missed connections from EY401,30,A6-EYJ,3,B787-10,330,12000,10,1,AUH,5,CDG,2026-01-31 12:22:00,2026-01-31 21:22:00,2026-01-31 21:52:00,Scheduled,A28,1,CLEAR,,,,,,,,A6-EYH,EY,SIN,AUH,EY472,2026-02-01T07:12:00,2026-02-01T07:12:00Z,2026-01-31T20:12:00,2026-01-31T20:12:00Z,A6-EYU,EY,BKK,AUH,EY406,2026-01-31T13:02:00,2026-01-31T13:02:00Z,2026-01-31T08:02:00,2026-01-31T08:02:00Z
FLT-1112,EY25,11,EY401 Typhoon -> EY406 LIAC,N,Missed connections from EY401,25,A6-EYF,3,B787-10,330,12000,10,1,AUH,3,LHR,2026-01-31 14:21:00,2026-01-31 23:21:00,2026-01-31 23:46:00,On-Time,C22,2,CLEAR,,,,,,,,A6-EYJ,EY,CDG,AUH,EY334,2026-01-31T21:22:00,2026-01-31T21:22:00Z,2026-01-31T12:22:00,2026-01-31T12:22:00Z,A6-EYU,EY,BKK,AUH,EY406,2026-01-31T13:02:00,2026-01-31T13:02:00Z,2026-01-31T08:02:00,2026-01-31T08:02:00Z
FLT-1113,EY101,11,EY401 Typhoon -> EY406 LIAC,N,Missed connections from EY401,40,A6-EYB,1,A380,516,16000,16,1,AUH,7,JFK,2026-01-31 16:52:00,2026-02-01 03:52:00,2026-02-01 04:32:00,Scheduled,C11,1,ACTIVE,A,6.0,2026-02-06,MEL-891,REF-7622,2026-01-26,Speed limited to M0.82,A6-EYN,EY,JED,AUH,EY313,2026-02-01T01:48:00,2026-02-01T01:48:00Z,2026-01-31T22:48:00,2026-01-31T22:48:00Z,A6-EYU,EY,BKK,AUH,EY406,2026-01-31T13:02:00,2026-01-31T13:02:00Z,2026-01-31T08:02:00,2026-01-31T08:02:00Z
FLT-1114,EY170,11,EY401 Typhoon -> EY406 LIAC,N,Missed connections from EY401,20,A6-EYQ,6,A320,180,3500,4,1,AUH,8,DEL,2026-01-31 18:52:00,2026-01-31 21:52:00,2026-01-31 22:12:00,On-Time,D14,1,CLEAR,,,,,,,,A6-EYA,EY,SYD,AUH,EY454,2026-01-31T22:11:00,2026-01-31T22:11:00Z,2026-01-31T10:11:00,2026-01-31T10:11:00Z,A6-EYN,EY,JED,AUH,EY313,2026-02-01T01:48:00,2026-02-01T01:48:00Z,2026-01-31T22:48:00,2026-01-31T22:48:00Z
FLT-1115,EY472,11,EY401 Typhoon -> EY406 LIAC,N,Missed connections from EY401,35,A6-EYH,3,B787-10,330,12000,10,1,AUH,4,SIN,2026-01-31 20:12:00,2026-02-01 07:12:00,2026-02-01 07:47:00,Scheduled,D21,2,CLEAR,,,,,,,,A6-EYF,EY,LHR,AUH,EY25,2026-01-31T23:21:00,2026-01-31T23:21:00Z,2026-01-31T14:21:00,2026-01-31T14:21:00Z,A6-EYO,EY,SIN,AUH,EY424,2026-01-31T20:28:00,2026-01-31T20:28:00Z,2026-01-31T06:28:00,2026-01-31T06:28:00Z
FLT-1116,EY313,11,EY401 Typhoon -> EY406 LIAC,N,Missed connections from EY401,15,A6-EYN,5,A321LR,206,4200,6,1,AUH,14,JED,2026-01-31 22:48:00,2026-02-01 01:48:00,2026-02-01 02:03:00,On-Time,B30,2,CLEAR,,,,,,,,A6-EYF,EY,LHR,AUH,EY25,2026-01-31T23:21:00,2026-01-31T23:21:00Z,2026-01-31T14:21:00,2026-01-31T14:21:00Z,A6-EYQ,EY,DEL,AUH,EY170,2026-01-31T21:52:00,2026-01-31T21:52:00Z,2026-01-31T18:52:00,2026-01-31T18:52:00Z
FLT-1117,EY424,11,EY401 Typhoon -> EY406 LIAC,N,Missed connections from EY401,30,A6-EYO,5,A321LR,206,4200,6,1,AUH,4,SIN,2026-01-31 06:28:00,2026-01-31 20:28:00,2026-01-31 20:58:00,Scheduled,A21,3,CLEAR,,,,,,,,A6-EYH,EY,SIN,AUH,EY472,2026-02-01T07:12:00,2026-02-01T07:12:00Z,2026-01-31T20:12:00,2026-01-31T20:12:00Z,A6-EYH,EY,SIN,AUH,EY472,2026-02-01T07:12:00,2026-02-01T07:12:00Z,2026-01-31T20:12:00,2026-01-31T20:12:00Z
