option_id,original_flight_id,original_flight_number,scenario_id,scenario_name,oal_airline,oal_flight_number,oal_departure,oal_arrival,origin,destination,available_seats_f,available_seats_j,available_seats_y,interline_cost_usd,booking_class,connection_time_min,is_recommended
OAL-FLT-1001-1,FLT-1001,EY117,1,Bangkok Typhoon + Critical MEL Aircraft,SQ,AF300,2026-01-19T18:40:00Z,2026-01-20T04:40:00Z,AUH,SIN,0,11,77,508,M,92,Y
OAL-FLT-1001-2,FLT-1001,EY117,1,Bangkok Typhoon + Critical MEL Aircraft,AF,LH695,2026-01-19T16:40:00Z,2026-01-19T22:40:00Z,AUH,CAI,3,4,68,1466,Y,108,N
OAL-FLT-1001-3,FLT-1001,EY117,1,Bangkok Typhoon + Critical MEL Aircraft,LH,LH337,2026-01-19T10:40:00Z,2026-01-20T00:40:00Z,AUH,JFK,3,5,44,503,Y,92,N
OAL-FLT-1002-1,FLT-1002,EY5293,1,Bangkok Typhoon + Critical MEL Aircraft,TK,EK339,2026-01-19T11:37:00Z,2026-01-19T15:37:00Z,BKK,FCO,2,3,94,1019,Q,182,Y
OAL-FLT-1002-2,FLT-1002,EY5293,1,Bangkok Typhoon + Critical MEL Aircraft,SQ,AF908,2026-01-19T17:37:00Z,2026-01-20T07:37:00Z,BKK,MCT,0,11,70,270,Q,112,N
OAL-FLT-1011-1,FLT-1011,EY8184,2,London Fog + Multiple Aircraft AOG,TK,AF482,2026-01-20T16:41:00Z,2026-01-21T06:41:00Z,LHR,SYD,1,12,11,447,Q,69,Y
OAL-FLT-1011-2,FLT-1011,EY8184,2,London Fog + Multiple Aircraft AOG,EK,QR911,2026-01-20T14:41:00Z,2026-01-20T21:41:00Z,LHR,LHR,2,4,94,1019,M,99,N
OAL-FLT-1011-3,FLT-1011,EY8184,2,London Fog + Multiple Aircraft AOG,QR,AF265,2026-01-20T16:41:00Z,2026-01-21T03:41:00Z,LHR,SIN,3,5,51,1212,B,156,N
OAL-FLT-1011-4,FLT-1011,EY8184,2,London Fog + Multiple Aircraft AOG,BA,TK204,2026-01-20T15:41:00Z,2026-01-21T01:41:00Z,LHR,CDG,3,5,17,655,Q,62,N
OAL-FLT-1012-1,FLT-1012,EY6268,2,London Fog + Multiple Aircraft AOG,SQ,AF254,2026-01-20T12:08:00Z,2026-01-20T17:08:00Z,LHR,BKK,2,8,67,1914,B,156,Y
OAL-FLT-1012-2,FLT-1012,EY6268,2,London Fog + Multiple Aircraft AOG,BA,EK128,2026-01-20T17:08:00Z,2026-01-20T23:08:00Z,LHR,LHR,1,6,58,1634,M,72,N
OAL-FLT-1012-3,FLT-1012,EY6268,2,London Fog + Multiple Aircraft AOG,LH,QR632,2026-01-20T19:08:00Z,2026-01-21T02:08:00Z,LHR,JED,3,10,53,795,M,107,N
OAL-FLT-1012-4,FLT-1012,EY6268,2,London Fog + Multiple Aircraft AOG,EK,LH179,2026-01-20T12:08:00Z,2026-01-21T01:08:00Z,LHR,FRA,2,4,30,678,B,124,N
OAL-FLT-1012-5,FLT-1012,EY6268,2,London Fog + Multiple Aircraft AOG,EK,AF203,2026-01-20T12:08:00Z,2026-01-20T22:08:00Z,LHR,SIN,1,4,15,509,H,171,N
OAL-FLT-1013-1,FLT-1013,EY25,2,London Fog + Multiple Aircraft AOG,BA,BA815,2026-01-20T13:27:00Z,2026-01-20T22:27:00Z,AUH,CDG,3,6,88,1065,H,158,Y
OAL-FLT-1013-2,FLT-1013,EY25,2,London Fog + Multiple Aircraft AOG,EK,LH943,2026-01-20T13:27:00Z,2026-01-21T01:27:00Z,AUH,AUH,2,1,63,1093,Y,173,N
OAL-FLT-1013-3,FLT-1013,EY25,2,London Fog + Multiple Aircraft AOG,AF,AF614,2026-01-20T19:27:00Z,2026-01-21T01:27:00Z,AUH,LHR,0,2,23,662,B,106,N
OAL-FLT-1013-4,FLT-1013,EY25,2,London Fog + Multiple Aircraft AOG,AF,BA430,2026-01-20T12:27:00Z,2026-01-20T16:27:00Z,AUH,MCT,1,5,51,625,Q,238,N
OAL-FLT-1013-5,FLT-1013,EY25,2,London Fog + Multiple Aircraft AOG,LH,QR639,2026-01-20T11:27:00Z,2026-01-21T00:27:00Z,AUH,DOH,3,11,14,684,M,192,N
OAL-FLT-1014-1,FLT-1014,EY19,2,London Fog + Multiple Aircraft AOG,BA,EK893,2026-01-20T18:31:00Z,2026-01-20T22:31:00Z,AUH,AUH,4,7,31,410,Y,115,Y
OAL-FLT-1014-2,FLT-1014,EY19,2,London Fog + Multiple Aircraft AOG,TK,EK992,2026-01-20T18:31:00Z,2026-01-21T08:31:00Z,AUH,SIN,1,4,65,1381,B,83,N
OAL-FLT-1015-1,FLT-1015,EY11,2,London Fog + Multiple Aircraft AOG,BA,QR211,2026-01-21T00:10:00Z,2026-01-21T05:10:00Z,AUH,LHR,3,0,12,1810,Y,238,Y
OAL-FLT-1015-2,FLT-1015,EY11,2,London Fog + Multiple Aircraft AOG,TK,QR587,2026-01-20T23:10:00Z,2026-01-21T13:10:00Z,AUH,SIN,0,8,58,1196,Q,102,N
OAL-FLT-1015-3,FLT-1015,EY11,2,London Fog + Multiple Aircraft AOG,AF,TK248,2026-01-20T15:10:00Z,2026-01-21T02:10:00Z,AUH,DOH,4,12,69,1342,Y,238,N
OAL-FLT-1015-4,FLT-1015,EY11,2,London Fog + Multiple Aircraft AOG,AF,AF220,2026-01-20T17:10:00Z,2026-01-21T00:10:00Z,AUH,LHR,1,7,85,1306,M,180,N
OAL-FLT-1015-5,FLT-1015,EY11,2,London Fog + Multiple Aircraft AOG,AF,EK715,2026-01-20T19:10:00Z,2026-01-21T08:10:00Z,AUH,CAI,2,8,85,201,Q,235,N
OAL-FLT-1016-1,FLT-1016,EY26,2,London Fog + Multiple Aircraft AOG,QR,TK804,2026-01-20T18:38:00Z,2026-01-21T07:38:00Z,LHR,AUH,0,9,76,1707,Y,82,Y
OAL-FLT-1016-2,FLT-1016,EY26,2,London Fog + Multiple Aircraft AOG,BA,AF998,2026-01-21T00:38:00Z,2026-01-21T05:38:00Z,LHR,CAI,3,1,46,1339,Q,185,N
OAL-FLT-1016-3,FLT-1016,EY26,2,London Fog + Multiple Aircraft AOG,LH,BA737,2026-01-20T19:38:00Z,2026-01-20T23:38:00Z,LHR,CAI,0,12,19,294,H,100,N
OAL-FLT-1017-1,FLT-1017,EY20,2,London Fog + Multiple Aircraft AOG,TK,QR767,2026-01-21T06:07:00Z,2026-01-21T20:07:00Z,LHR,DEL,3,9,61,1932,B,194,Y
OAL-FLT-1017-2,FLT-1017,EY20,2,London Fog + Multiple Aircraft AOG,LH,EK141,2026-01-21T02:07:00Z,2026-01-21T15:07:00Z,LHR,FCO,0,3,33,687,H,117,N
OAL-FLT-1017-3,FLT-1017,EY20,2,London Fog + Multiple Aircraft AOG,BA,EK924,2026-01-21T05:07:00Z,2026-01-21T12:07:00Z,LHR,FRA,1,5,18,377,B,131,N
OAL-FLT-1017-4,FLT-1017,EY20,2,London Fog + Multiple Aircraft AOG,QR,QR127,2026-01-20T23:07:00Z,2026-01-21T11:07:00Z,LHR,MCT,4,0,48,617,M,90,N
OAL-FLT-1018-1,FLT-1018,EY12,2,London Fog + Multiple Aircraft AOG,AF,LH979,2026-01-21T04:21:00Z,2026-01-21T12:21:00Z,LHR,SIN,4,6,82,1269,M,88,Y
OAL-FLT-1018-2,FLT-1018,EY12,2,London Fog + Multiple Aircraft AOG,QR,LH258,2026-01-21T01:21:00Z,2026-01-21T09:21:00Z,LHR,SYD,2,0,64,786,M,133,N
OAL-FLT-1018-3,FLT-1018,EY12,2,London Fog + Multiple Aircraft AOG,EK,LH404,2026-01-21T02:21:00Z,2026-01-21T09:21:00Z,LHR,MCT,0,4,18,1148,Q,65,N
OAL-FLT-1018-4,FLT-1018,EY12,2,London Fog + Multiple Aircraft AOG,SQ,BA978,2026-01-20T23:21:00Z,2026-01-21T12:21:00Z,LHR,SIN,1,5,56,1825,M,182,N
OAL-FLT-1021-1,FLT-1021,EY639,2,London Fog + Multiple Aircraft AOG,TK,AF488,2026-01-20T20:48:00Z,2026-01-21T08:48:00Z,JFK,CDG,2,8,61,1987,H,208,Y
OAL-FLT-1021-2,FLT-1021,EY639,2,London Fog + Multiple Aircraft AOG,SQ,QR591,2026-01-20T12:48:00Z,2026-01-20T22:48:00Z,JFK,JFK,2,11,56,631,M,231,N
OAL-FLT-1021-3,FLT-1021,EY639,2,London Fog + Multiple Aircraft AOG,EK,QR934,2026-01-20T17:48:00Z,2026-01-20T20:48:00Z,JFK,AUH,1,5,34,1256,M,94,N
OAL-FLT-1021-4,FLT-1021,EY639,2,London Fog + Multiple Aircraft AOG,BA,EK639,2026-01-20T19:48:00Z,2026-01-21T04:48:00Z,JFK,LHR,4,10,100,1666,H,185,N
OAL-FLT-1021-5,FLT-1021,EY639,2,London Fog + Multiple Aircraft AOG,LH,QR325,2026-01-20T16:48:00Z,2026-01-20T23:48:00Z,JFK,DEL,0,5,47,248,M,149,N
OAL-FLT-1022-1,FLT-1022,EY454,2,London Fog + Multiple Aircraft AOG,BA,SQ328,2026-01-20T17:31:00Z,2026-01-21T07:31:00Z,SYD,CAI,2,9,21,740,Y,161,Y
OAL-FLT-1022-2,FLT-1022,EY454,2,London Fog + Multiple Aircraft AOG,SQ,QR814,2026-01-20T21:31:00Z,2026-01-21T08:31:00Z,SYD,JED,3,7,51,966,Y,84,N
OAL-FLT-1022-3,FLT-1022,EY454,2,London Fog + Multiple Aircraft AOG,AF,AF503,2026-01-20T20:31:00Z,2026-01-21T04:31:00Z,SYD,JFK,2,9,42,1635,M,156,N
OAL-FLT-1022-4,FLT-1022,EY454,2,London Fog + Multiple Aircraft AOG,SQ,AF528,2026-01-20T19:31:00Z,2026-01-21T06:31:00Z,SYD,AUH,4,2,78,299,Y,179,N
OAL-FLT-1022-5,FLT-1022,EY454,2,London Fog + Multiple Aircraft AOG,QR,EK193,2026-01-20T13:31:00Z,2026-01-20T17:31:00Z,SYD,MCT,0,11,35,272,B,77,N
OAL-FLT-1023-1,FLT-1023,EY3105,3,Singapore Thunderstorms + MEL Expiry Cascade,SQ,BA327,2026-01-21T18:15:00Z,2026-01-22T02:15:00Z,SIN,MCT,3,12,45,270,M,130,Y
OAL-FLT-1023-2,FLT-1023,EY3105,3,Singapore Thunderstorms + MEL Expiry Cascade,AF,EK578,2026-01-21T14:15:00Z,2026-01-21T23:15:00Z,SIN,CAI,1,1,84,1044,B,167,N
OAL-FLT-1023-3,FLT-1023,EY3105,3,Singapore Thunderstorms + MEL Expiry Cascade,TK,AF172,2026-01-21T18:15:00Z,2026-01-22T03:15:00Z,SIN,SIN,3,4,45,1063,B,120,N
OAL-FLT-1024-1,FLT-1024,EY472,3,Singapore Thunderstorms + MEL Expiry Cascade,SQ,TK739,2026-01-21T13:14:00Z,2026-01-22T03:14:00Z,AUH,SIN,1,9,63,565,H,163,Y
OAL-FLT-1024-2,FLT-1024,EY472,3,Singapore Thunderstorms + MEL Expiry Cascade,AF,LH850,2026-01-21T14:14:00Z,2026-01-22T01:14:00Z,AUH,SYD,1,11,29,1850,B,65,N
OAL-FLT-1025-1,FLT-1025,EY424,3,Singapore Thunderstorms + MEL Expiry Cascade,BA,EK785,2026-01-21T16:15:00Z,2026-01-21T20:15:00Z,SIN,SYD,4,11,15,1674,B,89,Y
OAL-FLT-1025-2,FLT-1025,EY424,3,Singapore Thunderstorms + MEL Expiry Cascade,LH,TK434,2026-01-21T12:15:00Z,2026-01-21T19:15:00Z,SIN,LHR,0,5,96,1885,Y,138,N
OAL-FLT-1025-3,FLT-1025,EY424,3,Singapore Thunderstorms + MEL Expiry Cascade,SQ,QR685,2026-01-21T13:15:00Z,2026-01-22T01:15:00Z,SIN,SIN,4,8,35,1058,B,118,N
OAL-FLT-1025-4,FLT-1025,EY424,3,Singapore Thunderstorms + MEL Expiry Cascade,SQ,AF647,2026-01-21T20:15:00Z,2026-01-22T00:15:00Z,SIN,AUH,4,6,85,1725,Y,135,N
OAL-FLT-1026-1,FLT-1026,EY868,3,Singapore Thunderstorms + MEL Expiry Cascade,AF,TK200,2026-01-21T17:46:00Z,2026-01-21T20:46:00Z,AUH,JED,2,12,45,1573,B,223,Y
OAL-FLT-1026-2,FLT-1026,EY868,3,Singapore Thunderstorms + MEL Expiry Cascade,LH,LH315,2026-01-21T22:46:00Z,2026-01-22T05:46:00Z,AUH,LHR,0,4,37,1768,Q,175,N
OAL-FLT-1026-3,FLT-1026,EY868,3,Singapore Thunderstorms + MEL Expiry Cascade,BA,AF921,2026-01-21T17:46:00Z,2026-01-22T00:46:00Z,AUH,SIN,2,10,68,1448,B,194,N
OAL-FLT-1026-4,FLT-1026,EY868,3,Singapore Thunderstorms + MEL Expiry Cascade,SQ,QR163,2026-01-21T22:46:00Z,2026-01-22T08:46:00Z,AUH,MCT,3,11,31,1010,M,99,N
OAL-FLT-1027-1,FLT-1027,EY473,3,Singapore Thunderstorms + MEL Expiry Cascade,EK,AF612,2026-01-22T00:51:00Z,2026-01-22T05:51:00Z,SIN,AUH,1,11,53,945,H,176,Y
OAL-FLT-1027-2,FLT-1027,EY473,3,Singapore Thunderstorms + MEL Expiry Cascade,SQ,EK247,2026-01-21T15:51:00Z,2026-01-21T23:51:00Z,SIN,BKK,2,11,49,1164,Y,61,N
OAL-FLT-1027-3,FLT-1027,EY473,3,Singapore Thunderstorms + MEL Expiry Cascade,EK,TK650,2026-01-21T23:51:00Z,2026-01-22T09:51:00Z,SIN,MCT,2,9,80,1875,H,72,N
OAL-FLT-1027-4,FLT-1027,EY473,3,Singapore Thunderstorms + MEL Expiry Cascade,TK,QR137,2026-01-21T21:51:00Z,2026-01-22T07:51:00Z,SIN,JFK,4,6,95,878,Q,149,N
OAL-FLT-1028-1,FLT-1028,EY425,3,Singapore Thunderstorms + MEL Expiry Cascade,QR,TK423,2026-01-21T18:03:00Z,2026-01-22T04:03:00Z,AUH,CAI,2,10,92,393,Y,88,Y
OAL-FLT-1028-2,FLT-1028,EY425,3,Singapore Thunderstorms + MEL Expiry Cascade,AF,SQ388,2026-01-21T20:03:00Z,2026-01-22T05:03:00Z,AUH,SYD,1,5,87,968,Y,192,N
OAL-FLT-1028-3,FLT-1028,EY425,3,Singapore Thunderstorms + MEL Expiry Cascade,EK,LH751,2026-01-21T22:03:00Z,2026-01-22T02:03:00Z,AUH,DOH,3,12,10,944,Y,121,N
OAL-FLT-1029-1,FLT-1029,EY869,3,Singapore Thunderstorms + MEL Expiry Cascade,AF,SQ827,2026-01-22T02:12:00Z,2026-01-22T06:12:00Z,SIN,CDG,2,9,17,1965,B,115,Y
OAL-FLT-1029-2,FLT-1029,EY869,3,Singapore Thunderstorms + MEL Expiry Cascade,SQ,SQ824,2026-01-22T06:12:00Z,2026-01-22T13:12:00Z,SIN,LHR,3,5,98,1559,H,238,N
OAL-FLT-1029-3,FLT-1029,EY869,3,Singapore Thunderstorms + MEL Expiry Cascade,SQ,SQ252,2026-01-22T03:12:00Z,2026-01-22T09:12:00Z,SIN,SYD,0,9,43,1179,B,91,N
OAL-FLT-1031-1,FLT-1031,EY2796,4,Paris Winter Storm + Temperature-Controlled Cargo Crisis,TK,LH892,2026-01-22T18:10:00Z,2026-01-23T00:10:00Z,CDG,MCT,1,5,54,299,Q,132,Y
OAL-FLT-1031-2,FLT-1031,EY2796,4,Paris Winter Storm + Temperature-Controlled Cargo Crisis,SQ,BA610,2026-01-22T17:10:00Z,2026-01-23T01:10:00Z,CDG,LHR,2,11,85,994,M,222,N
OAL-FLT-1031-3,FLT-1031,EY2796,4,Paris Winter Storm + Temperature-Controlled Cargo Crisis,LH,TK627,2026-01-22T09:10:00Z,2026-01-22T12:10:00Z,CDG,DEL,1,3,20,1565,M,189,N
OAL-FLT-1031-4,FLT-1031,EY2796,4,Paris Winter Storm + Temperature-Controlled Cargo Crisis,AF,BA284,2026-01-22T18:10:00Z,2026-01-22T22:10:00Z,CDG,DEL,1,3,94,901,Q,172,N
OAL-FLT-1032-1,FLT-1032,EY334,4,Paris Winter Storm + Temperature-Controlled Cargo Crisis,LH,EK367,2026-01-22T20:12:00Z,2026-01-23T01:12:00Z,CDG,JFK,3,7,16,612,B,164,Y
OAL-FLT-1032-2,FLT-1032,EY334,4,Paris Winter Storm + Temperature-Controlled Cargo Crisis,EK,TK114,2026-01-22T18:12:00Z,2026-01-23T01:12:00Z,CDG,BKK,1,10,59,1206,B,172,N
OAL-FLT-1032-3,FLT-1032,EY334,4,Paris Winter Storm + Temperature-Controlled Cargo Crisis,TK,QR142,2026-01-22T10:12:00Z,2026-01-22T15:12:00Z,CDG,SIN,4,11,100,1142,Y,186,N
OAL-FLT-1032-4,FLT-1032,EY334,4,Paris Winter Storm + Temperature-Controlled Cargo Crisis,LH,QR634,2026-01-22T16:12:00Z,2026-01-22T22:12:00Z,CDG,CDG,1,3,15,387,B,221,N
OAL-FLT-1032-5,FLT-1032,EY334,4,Paris Winter Storm + Temperature-Controlled Cargo Crisis,LH,SQ561,2026-01-22T12:12:00Z,2026-01-22T19:12:00Z,CDG,JFK,1,12,69,1805,Y,186,N
OAL-FLT-1033-1,FLT-1033,EY1677,4,Paris Winter Storm + Temperature-Controlled Cargo Crisis,QR,SQ891,2026-01-22T11:34:00Z,2026-01-22T17:34:00Z,CDG,LHR,1,11,65,506,Y,191,Y
OAL-FLT-1033-2,FLT-1033,EY1677,4,Paris Winter Storm + Temperature-Controlled Cargo Crisis,EK,QR452,2026-01-22T12:34:00Z,2026-01-22T17:34:00Z,CDG,AUH,3,7,37,1530,M,212,N
OAL-FLT-1034-1,FLT-1034,EY462,4,Paris Winter Storm + Temperature-Controlled Cargo Crisis,BA,TK942,2026-01-22T20:30:00Z,2026-01-23T07:30:00Z,FRA,MCT,4,11,10,435,Q,71,Y
OAL-FLT-1034-2,FLT-1034,EY462,4,Paris Winter Storm + Temperature-Controlled Cargo Crisis,BA,BA814,2026-01-22T20:30:00Z,2026-01-23T07:30:00Z,FRA,JED,4,8,97,1012,Y,193,N
OAL-FLT-1035-1,FLT-1035,EY2797,4,Paris Winter Storm + Temperature-Controlled Cargo Crisis,BA,AF602,2026-01-22T18:05:00Z,2026-01-23T04:05:00Z,AUH,LHR,4,1,66,1052,B,227,Y
OAL-FLT-1035-2,FLT-1035,EY2797,4,Paris Winter Storm + Temperature-Controlled Cargo Crisis,QR,SQ894,2026-01-23T01:05:00Z,2026-01-23T06:05:00Z,AUH,DEL,4,2,24,1159,Y,84,N
OAL-FLT-1035-3,FLT-1035,EY2797,4,Paris Winter Storm + Temperature-Controlled Cargo Crisis,QR,QR598,2026-01-22T16:05:00Z,2026-01-22T22:05:00Z,AUH,BKK,4,0,65,1547,H,101,N
OAL-FLT-1035-4,FLT-1035,EY2797,4,Paris Winter Storm + Temperature-Controlled Cargo Crisis,EK,BA873,2026-01-23T02:05:00Z,2026-01-23T10:05:00Z,AUH,SYD,0,3,61,1060,Q,230,N
OAL-FLT-1035-5,FLT-1035,EY2797,4,Paris Winter Storm + Temperature-Controlled Cargo Crisis,SQ,QR423,2026-01-22T17:05:00Z,2026-01-23T05:05:00Z,AUH,BKK,3,2,73,1990,Q,182,N
OAL-FLT-1036-1,FLT-1036,EY335,4,Paris Winter Storm + Temperature-Controlled Cargo Crisis,EK,LH969,2026-01-23T02:05:00Z,2026-01-23T12:05:00Z,AUH,JED,2,5,67,800,Y,236,Y
OAL-FLT-1036-2,FLT-1036,EY335,4,Paris Winter Storm + Temperature-Controlled Cargo Crisis,BA,EK721,2026-01-23T00:05:00Z,2026-01-23T04:05:00Z,AUH,SYD,2,4,17,1628,Y,235,N
OAL-FLT-1036-3,FLT-1036,EY335,4,Paris Winter Storm + Temperature-Controlled Cargo Crisis,SQ,SQ305,2026-01-23T01:05:00Z,2026-01-23T15:05:00Z,AUH,CAI,3,10,12,210,Y,219,N
OAL-FLT-1036-4,FLT-1036,EY335,4,Paris Winter Storm + Temperature-Controlled Cargo Crisis,EK,BA631,2026-01-23T01:05:00Z,2026-01-23T12:05:00Z,AUH,DOH,1,6,41,710,M,179,N
OAL-FLT-1036-5,FLT-1036,EY335,4,Paris Winter Storm + Temperature-Controlled Cargo Crisis,SQ,EK803,2026-01-22T18:05:00Z,2026-01-23T03:05:00Z,AUH,DEL,4,3,19,359,B,216,N
OAL-FLT-1037-1,FLT-1037,EY1678,4,Paris Winter Storm + Temperature-Controlled Cargo Crisis,QR,EK536,2026-01-22T21:13:00Z,2026-01-23T03:13:00Z,AUH,SYD,0,1,63,1046,Q,186,Y
OAL-FLT-1037-2,FLT-1037,EY1678,4,Paris Winter Storm + Temperature-Controlled Cargo Crisis,BA,SQ349,2026-01-22T22:13:00Z,2026-01-23T09:13:00Z,AUH,JFK,4,1,58,1888,Y,66,N
OAL-FLT-1037-3,FLT-1037,EY1678,4,Paris Winter Storm + Temperature-Controlled Cargo Crisis,LH,LH899,2026-01-23T02:13:00Z,2026-01-23T10:13:00Z,AUH,JFK,0,2,74,735,H,156,N
OAL-FLT-1037-4,FLT-1037,EY1678,4,Paris Winter Storm + Temperature-Controlled Cargo Crisis,TK,LH271,2026-01-23T04:13:00Z,2026-01-23T13:13:00Z,AUH,CDG,4,1,24,739,Q,171,N
OAL-FLT-1037-5,FLT-1037,EY1678,4,Paris Winter Storm + Temperature-Controlled Cargo Crisis,SQ,QR617,2026-01-22T19:13:00Z,2026-01-23T06:13:00Z,AUH,JED,0,10,61,363,Q,188,N
OAL-FLT-1038-1,FLT-1038,EY463,4,Paris Winter Storm + Temperature-Controlled Cargo Crisis,TK,BA266,2026-01-22T22:08:00Z,2026-01-23T12:08:00Z,AUH,DEL,3,5,53,232,M,106,Y
OAL-FLT-1038-2,FLT-1038,EY463,4,Paris Winter Storm + Temperature-Controlled Cargo Crisis,EK,LH593,2026-01-22T23:08:00Z,2026-01-23T06:08:00Z,AUH,FRA,2,3,13,1103,B,192,N
OAL-FLT-1039-1,FLT-1039,EY8396,5,Dubai Sandstorm + Hub Congestion + Multiple MEL Aircraft,LH,EK437,2026-01-23T09:53:00Z,2026-01-23T23:53:00Z,DOH,CDG,0,9,65,1464,Y,126,Y
OAL-FLT-1039-2,FLT-1039,EY8396,5,Dubai Sandstorm + Hub Congestion + Multiple MEL Aircraft,EK,LH880,2026-01-23T15:53:00Z,2026-01-23T23:53:00Z,DOH,JED,2,0,62,1532,H,130,N
OAL-FLT-1039-3,FLT-1039,EY8396,5,Dubai Sandstorm + Hub Congestion + Multiple MEL Aircraft,EK,AF812,2026-01-23T14:53:00Z,2026-01-23T22:53:00Z,DOH,SIN,2,11,32,1619,H,91,N
OAL-FLT-1040-1,FLT-1040,EY4943,5,Dubai Sandstorm + Hub Congestion + Multiple MEL Aircraft,QR,SQ359,2026-01-23T19:19:00Z,2026-01-24T03:19:00Z,DOH,DEL,3,10,36,769,Y,83,Y
OAL-FLT-1040-2,FLT-1040,EY4943,5,Dubai Sandstorm + Hub Congestion + Multiple MEL Aircraft,LH,AF964,2026-01-23T11:19:00Z,2026-01-23T23:19:00Z,DOH,CAI,2,0,83,1011,B,224,N
OAL-FLT-1040-3,FLT-1040,EY4943,5,Dubai Sandstorm + Hub Congestion + Multiple MEL Aircraft,TK,BA979,2026-01-23T11:19:00Z,2026-01-24T01:19:00Z,DOH,MCT,0,7,90,1071,Y,212,N
OAL-FLT-1040-4,FLT-1040,EY4943,5,Dubai Sandstorm + Hub Congestion + Multiple MEL Aircraft,AF,TK542,2026-01-23T12:19:00Z,2026-01-23T19:19:00Z,DOH,JFK,3,12,99,1939,H,123,N
OAL-FLT-1041-1,FLT-1041,EY912,5,Dubai Sandstorm + Hub Congestion + Multiple MEL Aircraft,EK,EK546,2026-01-23T18:18:00Z,2026-01-23T22:18:00Z,AUH,AUH,0,6,33,463,Y,146,Y
OAL-FLT-1041-2,FLT-1041,EY912,5,Dubai Sandstorm + Hub Congestion + Multiple MEL Aircraft,LH,SQ625,2026-01-23T22:18:00Z,2026-01-24T03:18:00Z,AUH,AUH,4,1,84,647,Q,169,N
OAL-FLT-1041-3,FLT-1041,EY912,5,Dubai Sandstorm + Hub Congestion + Multiple MEL Aircraft,SQ,EK784,2026-01-23T21:18:00Z,2026-01-24T05:18:00Z,AUH,CAI,2,0,19,907,M,233,N
OAL-FLT-1042-1,FLT-1042,EY639,5,Dubai Sandstorm + Hub Congestion + Multiple MEL Aircraft,AF,EK857,2026-01-23T15:40:00Z,2026-01-24T04:40:00Z,JFK,FCO,2,5,41,313,H,181,Y
OAL-FLT-1042-2,FLT-1042,EY639,5,Dubai Sandstorm + Hub Congestion + Multiple MEL Aircraft,TK,QR616,2026-01-23T20:40:00Z,2026-01-24T04:40:00Z,JFK,MCT,2,1,56,1041,B,127,N
OAL-FLT-1042-3,FLT-1042,EY639,5,Dubai Sandstorm + Hub Congestion + Multiple MEL Aircraft,LH,LH582,2026-01-23T13:40:00Z,2026-01-24T02:40:00Z,JFK,FRA,3,1,22,1071,M,218,N
OAL-FLT-1043-1,FLT-1043,EY432,5,Dubai Sandstorm + Hub Congestion + Multiple MEL Aircraft,QR,EK418,2026-01-23T23:05:00Z,2026-01-24T10:05:00Z,AUH,FRA,4,11,14,555,Y,142,Y
OAL-FLT-1043-2,FLT-1043,EY432,5,Dubai Sandstorm + Hub Congestion + Multiple MEL Aircraft,QR,EK158,2026-01-24T00:05:00Z,2026-01-24T14:05:00Z,AUH,LHR,4,10,14,1548,B,237,N
OAL-FLT-1044-1,FLT-1044,EY8184,5,Dubai Sandstorm + Hub Congestion + Multiple MEL Aircraft,SQ,BA307,2026-01-23T21:21:00Z,2026-01-24T04:21:00Z,LHR,BKK,2,3,46,1058,Y,166,Y
OAL-FLT-1044-2,FLT-1044,EY8184,5,Dubai Sandstorm + Hub Congestion + Multiple MEL Aircraft,QR,TK943,2026-01-23T20:21:00Z,2026-01-24T07:21:00Z,LHR,JED,3,4,33,1856,B,144,N
OAL-FLT-1044-3,FLT-1044,EY8184,5,Dubai Sandstorm + Hub Congestion + Multiple MEL Aircraft,BA,EK787,2026-01-24T01:21:00Z,2026-01-24T13:21:00Z,LHR,SIN,1,5,94,1416,Q,126,N
OAL-FLT-1045-1,FLT-1045,EY1202,5,Dubai Sandstorm + Hub Congestion + Multiple MEL Aircraft,SQ,AF528,2026-01-24T01:28:00Z,2026-01-24T08:28:00Z,DEL,MCT,3,8,95,1940,Q,126,Y
OAL-FLT-1045-2,FLT-1045,EY1202,5,Dubai Sandstorm + Hub Congestion + Multiple MEL Aircraft,BA,SQ334,2026-01-24T06:28:00Z,2026-01-24T11:28:00Z,DEL,MCT,1,8,17,878,H,81,N
OAL-FLT-1046-1,FLT-1046,EY170,5,Dubai Sandstorm + Hub Congestion + Multiple MEL Aircraft,EK,LH554,2026-01-24T07:56:00Z,2026-01-24T21:56:00Z,DEL,SIN,1,7,12,981,H,150,Y
OAL-FLT-1046-2,FLT-1046,EY170,5,Dubai Sandstorm + Hub Congestion + Multiple MEL Aircraft,TK,AF751,2026-01-24T05:56:00Z,2026-01-24T09:56:00Z,DEL,JED,3,4,94,401,B,182,N
OAL-FLT-1047-1,FLT-1047,EY8397,5,Dubai Sandstorm + Hub Congestion + Multiple MEL Aircraft,LH,AF267,2026-01-24T03:37:00Z,2026-01-24T10:37:00Z,AUH,BKK,3,3,41,650,Y,163,Y
OAL-FLT-1047-2,FLT-1047,EY8397,5,Dubai Sandstorm + Hub Congestion + Multiple MEL Aircraft,SQ,BA516,2026-01-24T01:37:00Z,2026-01-24T09:37:00Z,AUH,MCT,3,10,37,725,B,106,N
OAL-FLT-1048-1,FLT-1048,EY4944,5,Dubai Sandstorm + Hub Congestion + Multiple MEL Aircraft,TK,SQ885,2026-01-23T09:42:00Z,2026-01-23T19:42:00Z,AUH,LHR,1,5,88,1885,H,163,Y
OAL-FLT-1048-2,FLT-1048,EY4944,5,Dubai Sandstorm + Hub Congestion + Multiple MEL Aircraft,LH,TK819,2026-01-23T16:42:00Z,2026-01-24T04:42:00Z,AUH,AUH,1,4,10,831,Q,215,N
OAL-FLT-1048-3,FLT-1048,EY4944,5,Dubai Sandstorm + Hub Congestion + Multiple MEL Aircraft,LH,QR760,2026-01-23T08:42:00Z,2026-01-23T15:42:00Z,AUH,MCT,3,5,28,1398,Q,225,N
OAL-FLT-1048-4,FLT-1048,EY4944,5,Dubai Sandstorm + Hub Congestion + Multiple MEL Aircraft,QR,AF401,2026-01-23T13:42:00Z,2026-01-24T03:42:00Z,AUH,DOH,4,12,100,275,B,180,N
OAL-FLT-1048-5,FLT-1048,EY4944,5,Dubai Sandstorm + Hub Congestion + Multiple MEL Aircraft,AF,LH357,2026-01-23T11:42:00Z,2026-01-23T18:42:00Z,AUH,FRA,0,9,23,362,B,79,N
OAL-FLT-1049-1,FLT-1049,EY913,5,Dubai Sandstorm + Hub Congestion + Multiple MEL Aircraft,BA,TK967,2026-01-23T20:09:00Z,2026-01-24T01:09:00Z,JFK,FRA,1,11,31,1215,Q,62,Y
OAL-FLT-1049-2,FLT-1049,EY913,5,Dubai Sandstorm + Hub Congestion + Multiple MEL Aircraft,AF,TK426,2026-01-23T14:09:00Z,2026-01-24T01:09:00Z,JFK,SYD,4,3,55,915,B,207,N
OAL-FLT-1050-1,FLT-1050,EY433,5,Dubai Sandstorm + Hub Congestion + Multiple MEL Aircraft,AF,EK759,2026-01-23T12:01:00Z,2026-01-23T19:01:00Z,LHR,MCT,1,3,29,448,Y,212,Y
OAL-FLT-1050-2,FLT-1050,EY433,5,Dubai Sandstorm + Hub Congestion + Multiple MEL Aircraft,SQ,EK529,2026-01-23T19:01:00Z,2026-01-24T04:01:00Z,LHR,AUH,1,5,92,1349,H,178,N
OAL-FLT-1051-1,FLT-1051,EY1203,5,Dubai Sandstorm + Hub Congestion + Multiple MEL Aircraft,QR,AF711,2026-01-23T20:51:00Z,2026-01-24T01:51:00Z,AUH,JED,2,10,97,1139,Q,101,Y
OAL-FLT-1051-2,FLT-1051,EY1203,5,Dubai Sandstorm + Hub Congestion + Multiple MEL Aircraft,AF,LH399,2026-01-23T17:51:00Z,2026-01-24T01:51:00Z,AUH,JFK,0,6,91,1489,M,132,N
OAL-FLT-1051-3,FLT-1051,EY1203,5,Dubai Sandstorm + Hub Congestion + Multiple MEL Aircraft,TK,SQ938,2026-01-23T14:51:00Z,2026-01-23T22:51:00Z,AUH,SYD,2,9,53,1366,H,158,N
OAL-FLT-1051-4,FLT-1051,EY1203,5,Dubai Sandstorm + Hub Congestion + Multiple MEL Aircraft,TK,SQ142,2026-01-23T23:51:00Z,2026-01-24T09:51:00Z,AUH,SYD,3,3,50,779,Y,193,N
OAL-FLT-1051-5,FLT-1051,EY1203,5,Dubai Sandstorm + Hub Congestion + Multiple MEL Aircraft,QR,EK887,2026-01-23T23:51:00Z,2026-01-24T03:51:00Z,AUH,FRA,3,8,73,1825,Q,90,N
OAL-FLT-1052-1,FLT-1052,EY171,5,Dubai Sandstorm + Hub Congestion + Multiple MEL Aircraft,AF,SQ937,2026-01-23T23:50:00Z,2026-01-24T06:50:00Z,AUH,CAI,3,11,23,884,Q,220,Y
OAL-FLT-1052-2,FLT-1052,EY171,5,Dubai Sandstorm + Hub Congestion + Multiple MEL Aircraft,BA,EK232,2026-01-23T19:50:00Z,2026-01-24T02:50:00Z,AUH,MCT,1,9,86,1930,H,66,N
OAL-FLT-1052-3,FLT-1052,EY171,5,Dubai Sandstorm + Hub Congestion + Multiple MEL Aircraft,TK,EK216,2026-01-23T16:50:00Z,2026-01-23T20:50:00Z,AUH,CAI,0,0,53,1729,H,128,N
OAL-FLT-1053-1,FLT-1053,EY7151,6,Multiple Aircraft AOG + Engine Failure Cascade,AF,AF442,2026-01-24T11:46:00Z,2026-01-24T16:46:00Z,CAI,DEL,1,10,39,1398,B,96,Y
OAL-FLT-1053-2,FLT-1053,EY7151,6,Multiple Aircraft AOG + Engine Failure Cascade,BA,QR306,2026-01-24T12:46:00Z,2026-01-24T18:46:00Z,CAI,DOH,4,9,66,999,B,204,N
OAL-FLT-1053-3,FLT-1053,EY7151,6,Multiple Aircraft AOG + Engine Failure Cascade,TK,QR595,2026-01-24T09:46:00Z,2026-01-24T23:46:00Z,CAI,DEL,1,0,98,442,H,86,N
OAL-FLT-1053-4,FLT-1053,EY7151,6,Multiple Aircraft AOG + Engine Failure Cascade,EK,LH667,2026-01-24T07:46:00Z,2026-01-24T17:46:00Z,CAI,CAI,2,10,60,776,H,61,N
OAL-FLT-1054-1,FLT-1054,EY3102,6,Multiple Aircraft AOG + Engine Failure Cascade,LH,SQ707,2026-01-24T20:12:00Z,2026-01-25T00:12:00Z,FCO,CAI,1,9,47,264,B,101,Y
OAL-FLT-1054-2,FLT-1054,EY3102,6,Multiple Aircraft AOG + Engine Failure Cascade,SQ,TK724,2026-01-24T13:12:00Z,2026-01-24T17:12:00Z,FCO,FRA,1,7,65,1168,M,142,N
OAL-FLT-1055-1,FLT-1055,EY003,6,Multiple Aircraft AOG + Engine Failure Cascade,AF,TK252,2026-01-24T15:20:00Z,2026-01-24T20:20:00Z,DEL,FRA,3,3,68,387,B,231,Y
OAL-FLT-1055-2,FLT-1055,EY003,6,Multiple Aircraft AOG + Engine Failure Cascade,AF,TK476,2026-01-24T15:20:00Z,2026-01-24T19:20:00Z,DEL,MCT,2,9,45,1878,H,114,N
OAL-FLT-1055-3,FLT-1055,EY003,6,Multiple Aircraft AOG + Engine Failure Cascade,SQ,BA657,2026-01-24T17:20:00Z,2026-01-24T21:20:00Z,DEL,JFK,1,7,80,1236,B,87,N
OAL-FLT-1055-4,FLT-1055,EY003,6,Multiple Aircraft AOG + Engine Failure Cascade,BA,TK495,2026-01-24T11:20:00Z,2026-01-24T21:20:00Z,DEL,FRA,1,5,36,1390,Q,223,N
OAL-FLT-1055-5,FLT-1055,EY003,6,Multiple Aircraft AOG + Engine Failure Cascade,BA,SQ562,2026-01-24T14:20:00Z,2026-01-25T01:20:00Z,DEL,SIN,1,1,12,551,Q,212,N
OAL-FLT-1056-1,FLT-1056,EY7152,6,Multiple Aircraft AOG + Engine Failure Cascade,SQ,SQ864,2026-01-24T19:42:00Z,2026-01-25T00:42:00Z,AUH,LHR,2,7,73,982,Y,218,Y
OAL-FLT-1056-2,FLT-1056,EY7152,6,Multiple Aircraft AOG + Engine Failure Cascade,TK,TK593,2026-01-24T23:42:00Z,2026-01-25T10:42:00Z,AUH,DOH,1,4,50,600,B,74,N
OAL-FLT-1056-3,FLT-1056,EY7152,6,Multiple Aircraft AOG + Engine Failure Cascade,BA,TK433,2026-01-24T17:42:00Z,2026-01-24T21:42:00Z,AUH,CAI,0,0,27,755,M,211,N
OAL-FLT-1056-4,FLT-1056,EY7152,6,Multiple Aircraft AOG + Engine Failure Cascade,SQ,TK127,2026-01-24T13:42:00Z,2026-01-24T21:42:00Z,AUH,CDG,2,7,21,335,Y,210,N
OAL-FLT-1057-1,FLT-1057,EY3103,6,Multiple Aircraft AOG + Engine Failure Cascade,QR,SQ393,2026-01-24T23:12:00Z,2026-01-25T11:12:00Z,AUH,DOH,2,2,42,1587,Y,76,Y
OAL-FLT-1057-2,FLT-1057,EY3103,6,Multiple Aircraft AOG + Engine Failure Cascade,BA,LH838,2026-01-25T00:12:00Z,2026-01-25T10:12:00Z,AUH,FRA,1,4,80,217,B,197,N
OAL-FLT-1057-3,FLT-1057,EY3103,6,Multiple Aircraft AOG + Engine Failure Cascade,LH,EK557,2026-01-24T23:12:00Z,2026-01-25T08:12:00Z,AUH,FCO,4,7,20,285,Y,107,N
OAL-FLT-1057-4,FLT-1057,EY3103,6,Multiple Aircraft AOG + Engine Failure Cascade,LH,TK949,2026-01-24T19:12:00Z,2026-01-25T01:12:00Z,AUH,CAI,0,6,26,1001,Y,83,N
OAL-FLT-1057-5,FLT-1057,EY3103,6,Multiple Aircraft AOG + Engine Failure Cascade,QR,SQ646,2026-01-24T21:12:00Z,2026-01-25T11:12:00Z,AUH,MCT,4,5,55,455,H,211,N
OAL-FLT-1058-1,FLT-1058,EY004,6,Multiple Aircraft AOG + Engine Failure Cascade,EK,EK666,2026-01-25T02:57:00Z,2026-01-25T07:57:00Z,AUH,SYD,1,8,72,1639,Y,85,Y
OAL-FLT-1058-2,FLT-1058,EY004,6,Multiple Aircraft AOG + Engine Failure Cascade,SQ,TK111,2026-01-25T01:57:00Z,2026-01-25T04:57:00Z,AUH,LHR,2,6,71,1098,H,129,N
OAL-FLT-1058-3,FLT-1058,EY004,6,Multiple Aircraft AOG + Engine Failure Cascade,LH,LH989,2026-01-25T03:57:00Z,2026-01-25T16:57:00Z,AUH,DEL,1,11,48,392,H,176,N
OAL-FLT-1059-1,FLT-1059,EY8086,6,Multiple Aircraft AOG + Engine Failure Cascade,BA,AF969,2026-01-24T22:53:00Z,2026-01-25T08:53:00Z,FCO,DOH,3,8,90,428,M,216,Y
OAL-FLT-1059-2,FLT-1059,EY8086,6,Multiple Aircraft AOG + Engine Failure Cascade,EK,LH139,2026-01-25T05:53:00Z,2026-01-25T19:53:00Z,FCO,AUH,4,9,91,1093,H,239,N
OAL-FLT-1059-3,FLT-1059,EY8086,6,Multiple Aircraft AOG + Engine Failure Cascade,SQ,BA437,2026-01-25T02:53:00Z,2026-01-25T16:53:00Z,FCO,FCO,4,4,53,1745,M,157,N
OAL-FLT-1061-1,FLT-1061,EY8086,7,Crew Out of Hours + Insufficient Cabin Crew Crisis,QR,AF577,2026-01-25T18:52:00Z,2026-01-25T21:52:00Z,FCO,JED,3,11,44,891,Q,158,Y
OAL-FLT-1061-2,FLT-1061,EY8086,7,Crew Out of Hours + Insufficient Cabin Crew Crisis,TK,TK141,2026-01-25T14:52:00Z,2026-01-26T02:52:00Z,FCO,CAI,1,10,95,1231,Q,156,N
OAL-FLT-1061-3,FLT-1061,EY8086,7,Crew Out of Hours + Insufficient Cabin Crew Crisis,TK,TK439,2026-01-25T16:52:00Z,2026-01-25T22:52:00Z,FCO,BKK,4,11,80,1461,Q,132,N
OAL-FLT-1061-4,FLT-1061,EY8086,7,Crew Out of Hours + Insufficient Cabin Crew Crisis,TK,LH560,2026-01-25T14:52:00Z,2026-01-26T04:52:00Z,FCO,SIN,0,1,50,275,M,148,N
OAL-FLT-1061-5,FLT-1061,EY8086,7,Crew Out of Hours + Insufficient Cabin Crew Crisis,TK,SQ215,2026-01-25T08:52:00Z,2026-01-25T18:52:00Z,FCO,SYD,2,1,100,437,M,160,N
OAL-FLT-1062-1,FLT-1062,EY6622,7,Crew Out of Hours + Insufficient Cabin Crew Crisis,TK,TK609,2026-01-25T11:09:00Z,2026-01-25T15:09:00Z,AUH,MCT,0,11,67,761,H,183,Y
OAL-FLT-1062-2,FLT-1062,EY6622,7,Crew Out of Hours + Insufficient Cabin Crew Crisis,SQ,BA167,2026-01-25T15:09:00Z,2026-01-26T01:09:00Z,AUH,SIN,1,9,50,217,Y,101,N
OAL-FLT-1062-3,FLT-1062,EY6622,7,Crew Out of Hours + Insufficient Cabin Crew Crisis,LH,TK439,2026-01-25T19:09:00Z,2026-01-26T06:09:00Z,AUH,JED,0,10,73,1056,M,61,N
OAL-FLT-1062-4,FLT-1062,EY6622,7,Crew Out of Hours + Insufficient Cabin Crew Crisis,BA,SQ946,2026-01-25T09:09:00Z,2026-01-25T15:09:00Z,AUH,BKK,2,4,21,1987,M,217,N
OAL-FLT-1062-5,FLT-1062,EY6622,7,Crew Out of Hours + Insufficient Cabin Crew Crisis,AF,SQ914,2026-01-25T11:09:00Z,2026-01-25T22:09:00Z,AUH,CAI,3,2,98,1010,Y,172,N
OAL-FLT-1063-1,FLT-1063,EY0739,7,Crew Out of Hours + Insufficient Cabin Crew Crisis,QR,BA309,2026-01-25T11:31:00Z,2026-01-25T18:31:00Z,SYD,JED,3,9,66,567,Y,161,Y
OAL-FLT-1063-2,FLT-1063,EY0739,7,Crew Out of Hours + Insufficient Cabin Crew Crisis,AF,TK284,2026-01-25T19:31:00Z,2026-01-26T06:31:00Z,SYD,SIN,0,12,91,937,H,135,N
OAL-FLT-1063-3,FLT-1063,EY0739,7,Crew Out of Hours + Insufficient Cabin Crew Crisis,BA,BA396,2026-01-25T11:31:00Z,2026-01-25T15:31:00Z,SYD,JED,2,1,32,701,Y,137,N
OAL-FLT-1063-4,FLT-1063,EY0739,7,Crew Out of Hours + Insufficient Cabin Crew Crisis,SQ,BA763,2026-01-25T16:31:00Z,2026-01-26T06:31:00Z,SYD,AUH,2,7,21,248,Q,141,N
OAL-FLT-1063-5,FLT-1063,EY0739,7,Crew Out of Hours + Insufficient Cabin Crew Crisis,AF,AF196,2026-01-25T13:31:00Z,2026-01-25T16:31:00Z,SYD,FRA,0,12,67,970,M,115,N
OAL-FLT-1064-1,FLT-1064,EY432,7,Crew Out of Hours + Insufficient Cabin Crew Crisis,SQ,LH902,2026-01-25T19:49:00Z,2026-01-25T22:49:00Z,AUH,MCT,2,10,13,1542,H,136,Y
OAL-FLT-1064-2,FLT-1064,EY432,7,Crew Out of Hours + Insufficient Cabin Crew Crisis,EK,LH560,2026-01-25T21:49:00Z,2026-01-26T03:49:00Z,AUH,DOH,3,4,57,1702,Y,122,N
OAL-FLT-1065-1,FLT-1065,EY1202,7,Crew Out of Hours + Insufficient Cabin Crew Crisis,AF,QR759,2026-01-25T19:15:00Z,2026-01-26T00:15:00Z,DEL,DEL,0,3,44,1206,Y,144,Y
OAL-FLT-1065-2,FLT-1065,EY1202,7,Crew Out of Hours + Insufficient Cabin Crew Crisis,AF,TK315,2026-01-26T01:15:00Z,2026-01-26T14:15:00Z,DEL,JED,3,6,11,1273,Y,200,N
OAL-FLT-1066-1,FLT-1066,EY334,7,Crew Out of Hours + Insufficient Cabin Crew Crisis,QR,BA624,2026-01-25T23:35:00Z,2026-01-26T05:35:00Z,CDG,JFK,4,8,68,910,M,172,Y
OAL-FLT-1066-2,FLT-1066,EY334,7,Crew Out of Hours + Insufficient Cabin Crew Crisis,QR,SQ323,2026-01-25T22:35:00Z,2026-01-26T12:35:00Z,CDG,FRA,0,5,34,1638,H,112,N
OAL-FLT-1066-3,FLT-1066,EY334,7,Crew Out of Hours + Insufficient Cabin Crew Crisis,BA,TK176,2026-01-25T19:35:00Z,2026-01-25T22:35:00Z,CDG,BKK,3,7,79,654,M,170,N
OAL-FLT-1066-4,FLT-1066,EY334,7,Crew Out of Hours + Insufficient Cabin Crew Crisis,AF,QR671,2026-01-25T19:35:00Z,2026-01-26T05:35:00Z,CDG,MCT,4,10,76,466,M,166,N
OAL-FLT-1067-1,FLT-1067,EY8087,7,Crew Out of Hours + Insufficient Cabin Crew Crisis,EK,QR404,2026-01-26T04:57:00Z,2026-01-26T08:57:00Z,AUH,FCO,0,1,28,1894,Y,63,Y
OAL-FLT-1067-2,FLT-1067,EY8087,7,Crew Out of Hours + Insufficient Cabin Crew Crisis,BA,LH166,2026-01-25T20:57:00Z,2026-01-26T05:57:00Z,AUH,LHR,1,8,90,1603,B,65,N
OAL-FLT-1067-3,FLT-1067,EY8087,7,Crew Out of Hours + Insufficient Cabin Crew Crisis,LH,SQ259,2026-01-26T03:57:00Z,2026-01-26T17:57:00Z,AUH,DOH,2,11,37,1290,Y,209,N
OAL-FLT-1068-1,FLT-1068,EY0740,7,Crew Out of Hours + Insufficient Cabin Crew Crisis,BA,LH350,2026-01-26T03:47:00Z,2026-01-26T06:47:00Z,AUH,CAI,0,12,27,228,Q,92,Y
OAL-FLT-1068-2,FLT-1068,EY0740,7,Crew Out of Hours + Insufficient Cabin Crew Crisis,EK,TK591,2026-01-26T05:47:00Z,2026-01-26T08:47:00Z,AUH,FRA,4,5,89,850,H,152,N
OAL-FLT-1068-3,FLT-1068,EY0740,7,Crew Out of Hours + Insufficient Cabin Crew Crisis,LH,EK888,2026-01-26T05:47:00Z,2026-01-26T13:47:00Z,AUH,MCT,1,4,30,1732,H,205,N
OAL-FLT-1069-1,FLT-1069,EY433,7,Crew Out of Hours + Insufficient Cabin Crew Crisis,LH,AF742,2026-01-26T02:17:00Z,2026-01-26T07:17:00Z,LHR,SIN,3,12,33,1402,H,149,Y
OAL-FLT-1069-2,FLT-1069,EY433,7,Crew Out of Hours + Insufficient Cabin Crew Crisis,TK,SQ581,2026-01-26T03:17:00Z,2026-01-26T08:17:00Z,LHR,MCT,0,6,22,1877,M,152,N
OAL-FLT-1070-1,FLT-1070,EY335,7,Crew Out of Hours + Insufficient Cabin Crew Crisis,TK,AF226,2026-01-25T12:04:00Z,2026-01-25T15:04:00Z,AUH,JFK,0,2,76,834,B,149,Y
OAL-FLT-1070-2,FLT-1070,EY335,7,Crew Out of Hours + Insufficient Cabin Crew Crisis,BA,AF899,2026-01-25T18:04:00Z,2026-01-26T03:04:00Z,AUH,FCO,3,5,65,1252,B,85,N
OAL-FLT-1070-3,FLT-1070,EY335,7,Crew Out of Hours + Insufficient Cabin Crew Crisis,QR,TK306,2026-01-25T18:04:00Z,2026-01-25T23:04:00Z,AUH,FCO,4,12,22,505,Q,209,N
OAL-FLT-1070-4,FLT-1070,EY335,7,Crew Out of Hours + Insufficient Cabin Crew Crisis,EK,LH681,2026-01-25T16:04:00Z,2026-01-26T00:04:00Z,AUH,FCO,0,5,80,1355,M,175,N
OAL-FLT-1071-1,FLT-1071,EY8086,8,Runway Closure + Airspace Flow Rate Restrictions,EK,QR659,2026-01-27T17:30:00Z,2026-01-28T01:30:00Z,FCO,CAI,2,1,69,1634,B,143,Y
OAL-FLT-1071-2,FLT-1071,EY8086,8,Runway Closure + Airspace Flow Rate Restrictions,AF,LH245,2026-01-27T08:30:00Z,2026-01-27T16:30:00Z,FCO,FCO,2,4,15,407,Q,235,N
OAL-FLT-1071-3,FLT-1071,EY8086,8,Runway Closure + Airspace Flow Rate Restrictions,TK,LH545,2026-01-27T14:30:00Z,2026-01-27T21:30:00Z,FCO,FCO,2,6,30,1124,H,95,N
OAL-FLT-1071-4,FLT-1071,EY8086,8,Runway Closure + Airspace Flow Rate Restrictions,QR,EK708,2026-01-27T16:30:00Z,2026-01-27T20:30:00Z,FCO,FCO,4,2,13,263,M,205,N
OAL-FLT-1073-1,FLT-1073,EY9626,8,Runway Closure + Airspace Flow Rate Restrictions,TK,EK794,2026-01-27T19:17:00Z,2026-01-28T01:17:00Z,AUH,CDG,4,3,67,1169,B,149,Y
OAL-FLT-1073-2,FLT-1073,EY9626,8,Runway Closure + Airspace Flow Rate Restrictions,TK,AF289,2026-01-27T14:17:00Z,2026-01-28T00:17:00Z,AUH,DOH,2,0,44,525,Y,85,N
OAL-FLT-1073-3,FLT-1073,EY9626,8,Runway Closure + Airspace Flow Rate Restrictions,SQ,SQ605,2026-01-27T20:17:00Z,2026-01-28T10:17:00Z,AUH,DEL,3,0,23,684,H,215,N
OAL-FLT-1074-1,FLT-1074,EY432,8,Runway Closure + Airspace Flow Rate Restrictions,EK,EK183,2026-01-27T20:43:00Z,2026-01-28T02:43:00Z,AUH,SYD,2,2,57,1225,Y,168,Y
OAL-FLT-1074-2,FLT-1074,EY432,8,Runway Closure + Airspace Flow Rate Restrictions,TK,BA785,2026-01-27T14:43:00Z,2026-01-28T03:43:00Z,AUH,CAI,2,4,27,1807,B,137,N
OAL-FLT-1074-3,FLT-1074,EY432,8,Runway Closure + Airspace Flow Rate Restrictions,EK,QR334,2026-01-27T13:43:00Z,2026-01-27T19:43:00Z,AUH,MCT,0,3,88,859,Y,97,N
OAL-FLT-1074-4,FLT-1074,EY432,8,Runway Closure + Airspace Flow Rate Restrictions,AF,SQ338,2026-01-27T20:43:00Z,2026-01-28T07:43:00Z,AUH,AUH,4,6,85,326,Q,60,N
OAL-FLT-1076-1,FLT-1076,EY8184,8,Runway Closure + Airspace Flow Rate Restrictions,AF,SQ114,2026-01-27T22:11:00Z,2026-01-28T11:11:00Z,LHR,BKK,4,5,90,858,M,192,Y
OAL-FLT-1076-2,FLT-1076,EY8184,8,Runway Closure + Airspace Flow Rate Restrictions,BA,AF699,2026-01-27T19:11:00Z,2026-01-28T04:11:00Z,LHR,FCO,4,6,62,770,M,114,N
OAL-FLT-1077-1,FLT-1077,EY912,8,Runway Closure + Airspace Flow Rate Restrictions,TK,EK335,2026-01-27T20:20:00Z,2026-01-28T10:20:00Z,AUH,CDG,4,7,30,450,Q,212,Y
OAL-FLT-1077-2,FLT-1077,EY912,8,Runway Closure + Airspace Flow Rate Restrictions,EK,QR866,2026-01-28T03:20:00Z,2026-01-28T14:20:00Z,AUH,AUH,4,11,57,1255,H,170,N
OAL-FLT-1077-3,FLT-1077,EY912,8,Runway Closure + Airspace Flow Rate Restrictions,SQ,QR182,2026-01-27T20:20:00Z,2026-01-28T06:20:00Z,AUH,DOH,1,10,45,1279,H,115,N
OAL-FLT-1078-1,FLT-1078,EY0739,8,Runway Closure + Airspace Flow Rate Restrictions,TK,EK895,2026-01-28T06:16:00Z,2026-01-28T14:16:00Z,SYD,JFK,3,12,30,988,Q,165,Y
OAL-FLT-1078-2,FLT-1078,EY0739,8,Runway Closure + Airspace Flow Rate Restrictions,QR,SQ662,2026-01-28T05:16:00Z,2026-01-28T12:16:00Z,SYD,FRA,4,5,92,722,Y,179,N
OAL-FLT-1078-3,FLT-1078,EY0739,8,Runway Closure + Airspace Flow Rate Restrictions,BA,EK968,2026-01-28T06:16:00Z,2026-01-28T18:16:00Z,SYD,AUH,0,3,27,426,H,101,N
OAL-FLT-1078-4,FLT-1078,EY0739,8,Runway Closure + Airspace Flow Rate Restrictions,EK,LH828,2026-01-28T01:16:00Z,2026-01-28T06:16:00Z,SYD,DEL,3,12,74,1893,M,198,N
OAL-FLT-1080-1,FLT-1080,EY5265,8,Runway Closure + Airspace Flow Rate Restrictions,QR,TK890,2026-01-27T11:15:00Z,2026-01-27T15:15:00Z,AUH,DEL,3,0,30,1960,Y,222,Y
OAL-FLT-1080-2,FLT-1080,EY5265,8,Runway Closure + Airspace Flow Rate Restrictions,LH,LH816,2026-01-27T14:15:00Z,2026-01-27T23:15:00Z,AUH,LHR,0,6,11,1022,H,168,N
OAL-FLT-1080-3,FLT-1080,EY5265,8,Runway Closure + Airspace Flow Rate Restrictions,AF,SQ997,2026-01-27T09:15:00Z,2026-01-27T22:15:00Z,AUH,DOH,0,7,14,1173,B,182,N
OAL-FLT-1080-4,FLT-1080,EY5265,8,Runway Closure + Airspace Flow Rate Restrictions,QR,SQ446,2026-01-27T14:15:00Z,2026-01-28T02:15:00Z,AUH,AUH,1,9,28,861,M,154,N
OAL-FLT-1080-5,FLT-1080,EY5265,8,Runway Closure + Airspace Flow Rate Restrictions,SQ,BA132,2026-01-27T13:15:00Z,2026-01-27T22:15:00Z,AUH,DEL,3,4,31,1960,Y,146,N
OAL-FLT-1083-1,FLT-1083,EY913,8,Runway Closure + Airspace Flow Rate Restrictions,LH,BA326,2026-01-27T14:58:00Z,2026-01-27T20:58:00Z,JFK,DEL,1,1,71,629,M,235,Y
OAL-FLT-1083-2,FLT-1083,EY913,8,Runway Closure + Airspace Flow Rate Restrictions,AF,LH932,2026-01-27T18:58:00Z,2026-01-28T08:58:00Z,JFK,AUH,0,7,22,1124,Y,147,N
OAL-FLT-1084-1,FLT-1084,EY433,8,Runway Closure + Airspace Flow Rate Restrictions,QR,TK971,2026-01-27T17:44:00Z,2026-01-28T03:44:00Z,LHR,LHR,0,2,36,1566,H,104,Y
OAL-FLT-1084-2,FLT-1084,EY433,8,Runway Closure + Airspace Flow Rate Restrictions,EK,EK677,2026-01-27T19:44:00Z,2026-01-28T05:44:00Z,LHR,CDG,3,2,53,454,B,114,N
OAL-FLT-1085-1,FLT-1085,EY8086,9,Security Threat + Geopolitical Airspace Diversion,QR,TK684,2026-01-28T18:46:00Z,2026-01-28T21:46:00Z,FCO,JFK,3,10,49,339,B,238,Y
OAL-FLT-1085-2,FLT-1085,EY8086,9,Security Threat + Geopolitical Airspace Diversion,AF,AF439,2026-01-28T17:46:00Z,2026-01-28T21:46:00Z,FCO,CAI,0,12,46,1012,H,192,N
OAL-FLT-1085-3,FLT-1085,EY8086,9,Security Threat + Geopolitical Airspace Diversion,TK,TK387,2026-01-28T16:46:00Z,2026-01-28T22:46:00Z,FCO,LHR,0,10,31,1522,Y,116,N
OAL-FLT-1086-1,FLT-1086,EY8184,9,Security Threat + Geopolitical Airspace Diversion,TK,BA533,2026-01-28T12:49:00Z,2026-01-28T16:49:00Z,LHR,LHR,0,2,12,653,Q,157,Y
OAL-FLT-1086-2,FLT-1086,EY8184,9,Security Threat + Geopolitical Airspace Diversion,BA,LH611,2026-01-28T15:49:00Z,2026-01-28T23:49:00Z,LHR,JFK,0,6,18,1582,H,100,N
OAL-FLT-1086-3,FLT-1086,EY8184,9,Security Threat + Geopolitical Airspace Diversion,SQ,BA924,2026-01-28T12:49:00Z,2026-01-28T22:49:00Z,LHR,FRA,1,1,44,457,B,231,N
OAL-FLT-1086-4,FLT-1086,EY8184,9,Security Threat + Geopolitical Airspace Diversion,EK,SQ822,2026-01-28T19:49:00Z,2026-01-29T00:49:00Z,LHR,AUH,2,11,57,1278,B,133,N
OAL-FLT-1087-1,FLT-1087,EY912,9,Security Threat + Geopolitical Airspace Diversion,TK,TK494,2026-01-28T19:53:00Z,2026-01-28T23:53:00Z,JFK,DOH,1,11,13,1816,B,232,Y
OAL-FLT-1087-2,FLT-1087,EY912,9,Security Threat + Geopolitical Airspace Diversion,TK,AF108,2026-01-28T11:53:00Z,2026-01-29T00:53:00Z,JFK,DEL,2,8,44,1734,Y,208,N
OAL-FLT-1087-3,FLT-1087,EY912,9,Security Threat + Geopolitical Airspace Diversion,AF,LH678,2026-01-28T19:53:00Z,2026-01-28T22:53:00Z,JFK,LHR,0,4,16,1468,B,224,N
OAL-FLT-1087-4,FLT-1087,EY912,9,Security Threat + Geopolitical Airspace Diversion,LH,QR249,2026-01-28T15:53:00Z,2026-01-29T02:53:00Z,JFK,SYD,3,7,42,1801,M,105,N
OAL-FLT-1088-1,FLT-1088,EY334,9,Security Threat + Geopolitical Airspace Diversion,AF,TK876,2026-01-28T23:36:00Z,2026-01-29T10:36:00Z,CDG,SYD,4,6,15,1390,M,220,Y
OAL-FLT-1088-2,FLT-1088,EY334,9,Security Threat + Geopolitical Airspace Diversion,QR,AF246,2026-01-29T00:36:00Z,2026-01-29T09:36:00Z,CDG,DOH,3,11,16,287,B,210,N
OAL-FLT-1088-3,FLT-1088,EY334,9,Security Threat + Geopolitical Airspace Diversion,TK,QR879,2026-01-28T22:36:00Z,2026-01-29T01:36:00Z,CDG,JED,1,3,37,1672,H,92,N
OAL-FLT-1089-1,FLT-1089,EY1202,9,Security Threat + Geopolitical Airspace Diversion,EK,SQ741,2026-01-28T21:54:00Z,2026-01-29T02:54:00Z,DEL,DOH,0,1,33,1238,H,105,Y
OAL-FLT-1089-2,FLT-1089,EY1202,9,Security Threat + Geopolitical Airspace Diversion,SQ,QR946,2026-01-28T15:54:00Z,2026-01-28T20:54:00Z,DEL,JFK,0,12,86,647,B,213,N
OAL-FLT-1089-3,FLT-1089,EY1202,9,Security Threat + Geopolitical Airspace Diversion,QR,SQ831,2026-01-28T23:54:00Z,2026-01-29T08:54:00Z,DEL,FCO,2,8,81,410,H,181,N
OAL-FLT-1089-4,FLT-1089,EY1202,9,Security Threat + Geopolitical Airspace Diversion,TK,SQ115,2026-01-28T17:54:00Z,2026-01-29T06:54:00Z,DEL,JED,3,9,66,1053,M,185,N
OAL-FLT-1090-1,FLT-1090,EY170,9,Security Threat + Geopolitical Airspace Diversion,LH,SQ219,2026-01-29T02:00:00Z,2026-01-29T09:00:00Z,DEL,SIN,4,11,66,1276,M,90,Y
OAL-FLT-1090-2,FLT-1090,EY170,9,Security Threat + Geopolitical Airspace Diversion,LH,TK201,2026-01-29T03:00:00Z,2026-01-29T17:00:00Z,DEL,DEL,1,11,23,931,B,216,N
OAL-FLT-1091-1,FLT-1091,EY432,9,Security Threat + Geopolitical Airspace Diversion,SQ,BA895,2026-01-28T20:26:00Z,2026-01-29T07:26:00Z,AUH,BKK,2,5,13,364,Y,102,Y
OAL-FLT-1091-2,FLT-1091,EY432,9,Security Threat + Geopolitical Airspace Diversion,SQ,AF589,2026-01-29T03:26:00Z,2026-01-29T17:26:00Z,AUH,CAI,2,10,10,1322,Q,91,N
OAL-FLT-1091-3,FLT-1091,EY432,9,Security Threat + Geopolitical Airspace Diversion,AF,SQ637,2026-01-29T06:26:00Z,2026-01-29T14:26:00Z,AUH,DOH,3,4,67,1775,B,187,N
OAL-FLT-1091-4,FLT-1091,EY432,9,Security Threat + Geopolitical Airspace Diversion,LH,LH439,2026-01-29T06:26:00Z,2026-01-29T11:26:00Z,AUH,JED,0,12,87,1404,Y,219,N
OAL-FLT-1091-5,FLT-1091,EY432,9,Security Threat + Geopolitical Airspace Diversion,SQ,SQ551,2026-01-28T20:26:00Z,2026-01-29T10:26:00Z,AUH,BKK,3,11,97,1225,M,126,N
OAL-FLT-1092-1,FLT-1092,EY6622,9,Security Threat + Geopolitical Airspace Diversion,BA,AF215,2026-01-28T23:41:00Z,2026-01-29T05:41:00Z,AUH,FCO,0,11,57,804,M,70,Y
OAL-FLT-1092-2,FLT-1092,EY6622,9,Security Threat + Geopolitical Airspace Diversion,AF,BA242,2026-01-29T05:41:00Z,2026-01-29T15:41:00Z,AUH,DOH,1,7,66,1225,B,123,N
OAL-FLT-1092-3,FLT-1092,EY6622,9,Security Threat + Geopolitical Airspace Diversion,EK,EK846,2026-01-29T04:41:00Z,2026-01-29T11:41:00Z,AUH,SYD,3,3,89,434,Y,178,N
OAL-FLT-1092-4,FLT-1092,EY6622,9,Security Threat + Geopolitical Airspace Diversion,SQ,LH583,2026-01-29T03:41:00Z,2026-01-29T13:41:00Z,AUH,JFK,3,3,74,1772,H,165,N
OAL-FLT-1093-1,FLT-1093,EY5265,9,Security Threat + Geopolitical Airspace Diversion,BA,QR904,2026-01-29T09:14:00Z,2026-01-29T14:14:00Z,AUH,JED,2,8,50,1658,H,178,Y
OAL-FLT-1093-2,FLT-1093,EY5265,9,Security Threat + Geopolitical Airspace Diversion,AF,LH315,2026-01-29T03:14:00Z,2026-01-29T06:14:00Z,AUH,DEL,0,3,92,952,M,133,N
OAL-FLT-1094-1,FLT-1094,EY3160,9,Security Threat + Geopolitical Airspace Diversion,QR,TK817,2026-01-28T14:23:00Z,2026-01-28T22:23:00Z,AUH,AUH,1,10,70,1612,Y,70,Y
OAL-FLT-1094-2,FLT-1094,EY3160,9,Security Threat + Geopolitical Airspace Diversion,LH,AF528,2026-01-28T12:23:00Z,2026-01-29T01:23:00Z,AUH,DEL,1,8,15,1557,M,163,N
OAL-FLT-1094-3,FLT-1094,EY3160,9,Security Threat + Geopolitical Airspace Diversion,SQ,QR512,2026-01-28T13:23:00Z,2026-01-28T23:23:00Z,AUH,CAI,1,8,66,822,B,66,N
OAL-FLT-1094-4,FLT-1094,EY3160,9,Security Threat + Geopolitical Airspace Diversion,BA,BA729,2026-01-28T18:23:00Z,2026-01-28T23:23:00Z,AUH,JED,1,6,96,1395,Y,131,N
OAL-FLT-1094-5,FLT-1094,EY3160,9,Security Threat + Geopolitical Airspace Diversion,SQ,LH542,2026-01-28T12:23:00Z,2026-01-28T23:23:00Z,AUH,JFK,2,11,20,283,Y,79,N
OAL-FLT-1095-1,FLT-1095,EY6005,9,Security Threat + Geopolitical Airspace Diversion,AF,AF789,2026-01-28T13:35:00Z,2026-01-28T23:35:00Z,AUH,CDG,2,12,23,929,Q,168,Y
OAL-FLT-1095-2,FLT-1095,EY6005,9,Security Threat + Geopolitical Airspace Diversion,QR,EK362,2026-01-28T18:35:00Z,2026-01-29T03:35:00Z,AUH,CAI,0,5,20,1006,B,207,N
OAL-FLT-1096-1,FLT-1096,EY117,9,Security Threat + Geopolitical Airspace Diversion,SQ,LH384,2026-01-28T19:16:00Z,2026-01-29T02:16:00Z,AUH,SYD,2,5,23,1436,B,196,Y
OAL-FLT-1096-2,FLT-1096,EY117,9,Security Threat + Geopolitical Airspace Diversion,AF,LH614,2026-01-28T19:16:00Z,2026-01-28T22:16:00Z,AUH,SYD,1,10,25,1324,Y,120,N
OAL-FLT-1096-3,FLT-1096,EY117,9,Security Threat + Geopolitical Airspace Diversion,LH,SQ768,2026-01-28T14:16:00Z,2026-01-28T22:16:00Z,AUH,DEL,4,10,77,1062,Y,133,N
OAL-FLT-1096-4,FLT-1096,EY117,9,Security Threat + Geopolitical Airspace Diversion,AF,TK926,2026-01-28T11:16:00Z,2026-01-28T16:16:00Z,AUH,AUH,2,4,63,961,Y,150,N
OAL-FLT-1097-1,FLT-1097,EY913,9,Security Threat + Geopolitical Airspace Diversion,TK,BA118,2026-01-28T20:13:00Z,2026-01-29T03:13:00Z,AUH,SIN,0,3,48,1076,H,129,Y
OAL-FLT-1097-2,FLT-1097,EY913,9,Security Threat + Geopolitical Airspace Diversion,TK,AF290,2026-01-28T23:13:00Z,2026-01-29T13:13:00Z,AUH,SYD,1,5,75,1367,Y,105,N
OAL-FLT-1097-3,FLT-1097,EY913,9,Security Threat + Geopolitical Airspace Diversion,BA,SQ101,2026-01-29T00:13:00Z,2026-01-29T07:13:00Z,AUH,AUH,1,8,93,766,M,223,N
OAL-FLT-1098-1,FLT-1098,EY433,9,Security Threat + Geopolitical Airspace Diversion,LH,QR802,2026-01-29T00:18:00Z,2026-01-29T14:18:00Z,LHR,LHR,4,7,35,1080,Y,240,Y
OAL-FLT-1098-2,FLT-1098,EY433,9,Security Threat + Geopolitical Airspace Diversion,TK,BA453,2026-01-29T02:18:00Z,2026-01-29T06:18:00Z,LHR,MCT,2,4,19,1932,Y,64,N
OAL-FLT-1098-3,FLT-1098,EY433,9,Security Threat + Geopolitical Airspace Diversion,LH,QR923,2026-01-29T00:18:00Z,2026-01-29T04:18:00Z,LHR,JED,0,3,70,424,B,77,N
OAL-FLT-1098-4,FLT-1098,EY433,9,Security Threat + Geopolitical Airspace Diversion,TK,AF159,2026-01-28T20:18:00Z,2026-01-29T10:18:00Z,LHR,DOH,1,3,54,929,Q,140,N
OAL-FLT-1099-1,FLT-1099,EY335,9,Security Threat + Geopolitical Airspace Diversion,BA,EK128,2026-01-29T04:34:00Z,2026-01-29T09:34:00Z,AUH,DOH,2,5,66,730,Q,191,Y
OAL-FLT-1099-2,FLT-1099,EY335,9,Security Threat + Geopolitical Airspace Diversion,LH,QR606,2026-01-28T17:34:00Z,2026-01-28T22:34:00Z,AUH,JED,0,12,63,567,H,122,N
OAL-FLT-1099-3,FLT-1099,EY335,9,Security Threat + Geopolitical Airspace Diversion,EK,TK467,2026-01-28T19:34:00Z,2026-01-29T02:34:00Z,AUH,MCT,0,11,11,217,M,160,N
OAL-FLT-1100-1,FLT-1100,EY1203,9,Security Threat + Geopolitical Airspace Diversion,BA,TK555,2026-01-29T06:44:00Z,2026-01-29T12:44:00Z,AUH,SYD,1,8,30,1993,Y,111,Y
OAL-FLT-1100-2,FLT-1100,EY1203,9,Security Threat + Geopolitical Airspace Diversion,SQ,LH381,2026-01-28T19:44:00Z,2026-01-29T06:44:00Z,AUH,SYD,2,5,39,297,Q,112,N
OAL-FLT-1100-3,FLT-1100,EY1203,9,Security Threat + Geopolitical Airspace Diversion,LH,AF949,2026-01-29T06:44:00Z,2026-01-29T13:44:00Z,AUH,CDG,4,10,45,1014,B,113,N
OAL-FLT-1100-4,FLT-1100,EY1203,9,Security Threat + Geopolitical Airspace Diversion,LH,AF219,2026-01-29T01:44:00Z,2026-01-29T11:44:00Z,AUH,CDG,4,1,70,1401,Q,187,N
OAL-FLT-1100-5,FLT-1100,EY1203,9,Security Threat + Geopolitical Airspace Diversion,EK,AF766,2026-01-29T05:44:00Z,2026-01-29T08:44:00Z,AUH,LHR,1,9,24,734,Q,184,N
OAL-FLT-1101-1,FLT-1101,EY171,9,Security Threat + Geopolitical Airspace Diversion,AF,EK886,2026-01-28T23:36:00Z,2026-01-29T03:36:00Z,AUH,JFK,4,9,49,872,B,167,Y
OAL-FLT-1101-2,FLT-1101,EY171,9,Security Threat + Geopolitical Airspace Diversion,BA,EK934,2026-01-28T23:36:00Z,2026-01-29T12:36:00Z,AUH,FCO,2,6,38,1676,M,220,N
OAL-FLT-1101-3,FLT-1101,EY171,9,Security Threat + Geopolitical Airspace Diversion,EK,QR194,2026-01-29T05:36:00Z,2026-01-29T19:36:00Z,AUH,AUH,2,10,98,539,B,185,N
OAL-FLT-1101-4,FLT-1101,EY171,9,Security Threat + Geopolitical Airspace Diversion,EK,LH528,2026-01-29T08:36:00Z,2026-01-29T21:36:00Z,AUH,CDG,2,10,55,1763,B,125,N
OAL-FLT-1102-1,FLT-1102,EY8087,9,Security Threat + Geopolitical Airspace Diversion,SQ,BA534,2026-01-29T03:03:00Z,2026-01-29T10:03:00Z,AUH,JFK,0,11,45,562,H,112,Y
OAL-FLT-1102-2,FLT-1102,EY8087,9,Security Threat + Geopolitical Airspace Diversion,AF,EK994,2026-01-29T08:03:00Z,2026-01-29T16:03:00Z,AUH,FRA,0,1,77,1507,H,151,N
OAL-FLT-1102-3,FLT-1102,EY8087,9,Security Threat + Geopolitical Airspace Diversion,LH,SQ625,2026-01-29T06:03:00Z,2026-01-29T19:03:00Z,AUH,JED,4,11,62,821,B,112,N
OAL-FLT-1102-4,FLT-1102,EY8087,9,Security Threat + Geopolitical Airspace Diversion,TK,BA291,2026-01-29T03:03:00Z,2026-01-29T09:03:00Z,AUH,JFK,3,10,46,707,Y,87,N
OAL-FLT-1102-5,FLT-1102,EY8087,9,Security Threat + Geopolitical Airspace Diversion,TK,LH672,2026-01-29T02:03:00Z,2026-01-29T11:03:00Z,AUH,MCT,3,4,18,1731,M,84,N
OAL-FLT-1103-1,FLT-1103,EY8185,9,Security Threat + Geopolitical Airspace Diversion,TK,TK646,2026-01-28T09:25:00Z,2026-01-28T23:25:00Z,AUH,LHR,2,8,77,1782,H,163,Y
OAL-FLT-1103-2,FLT-1103,EY8185,9,Security Threat + Geopolitical Airspace Diversion,SQ,LH327,2026-01-28T09:25:00Z,2026-01-28T23:25:00Z,AUH,FCO,2,12,47,1751,Q,119,N
OAL-FLT-1104-1,FLT-1104,EY118,9,Security Threat + Geopolitical Airspace Diversion,LH,QR583,2026-01-28T15:07:00Z,2026-01-28T18:07:00Z,BKK,AUH,2,8,55,1763,B,182,Y
OAL-FLT-1104-2,FLT-1104,EY118,9,Security Threat + Geopolitical Airspace Diversion,LH,SQ194,2026-01-28T16:07:00Z,2026-01-28T20:07:00Z,BKK,FRA,1,9,94,470,Q,80,N
OAL-FLT-1104-3,FLT-1104,EY118,9,Security Threat + Geopolitical Airspace Diversion,LH,LH164,2026-01-28T20:07:00Z,2026-01-29T06:07:00Z,BKK,FRA,1,5,96,1067,M,139,N
OAL-FLT-1104-4,FLT-1104,EY118,9,Security Threat + Geopolitical Airspace Diversion,LH,QR751,2026-01-28T18:07:00Z,2026-01-29T00:07:00Z,BKK,CDG,1,2,26,842,Q,108,N
OAL-FLT-1105-1,FLT-1105,EY8086,10,Medical Emergency + Tarmac Delay + Slot Unavailability,TK,TK234,2026-01-29T16:58:00Z,2026-01-30T05:58:00Z,FCO,SYD,3,0,20,954,B,212,Y
OAL-FLT-1105-2,FLT-1105,EY8086,10,Medical Emergency + Tarmac Delay + Slot Unavailability,TK,LH882,2026-01-29T10:58:00Z,2026-01-29T20:58:00Z,FCO,SYD,3,0,41,1112,Q,90,N
OAL-FLT-1106-1,FLT-1106,EY8087,10,Medical Emergency + Tarmac Delay + Slot Unavailability,LH,SQ888,2026-01-29T11:50:00Z,2026-01-29T18:50:00Z,AUH,SYD,0,10,53,204,B,161,Y
OAL-FLT-1106-2,FLT-1106,EY8087,10,Medical Emergency + Tarmac Delay + Slot Unavailability,SQ,SQ278,2026-01-29T11:50:00Z,2026-01-29T21:50:00Z,AUH,SIN,4,6,10,1770,H,80,N
OAL-FLT-1106-3,FLT-1106,EY8087,10,Medical Emergency + Tarmac Delay + Slot Unavailability,AF,BA317,2026-01-29T13:50:00Z,2026-01-29T20:50:00Z,AUH,CAI,4,11,41,209,Y,213,N
OAL-FLT-1106-4,FLT-1106,EY8087,10,Medical Emergency + Tarmac Delay + Slot Unavailability,SQ,TK848,2026-01-29T09:50:00Z,2026-01-29T18:50:00Z,AUH,SIN,1,1,83,556,B,79,N
OAL-FLT-1106-5,FLT-1106,EY8087,10,Medical Emergency + Tarmac Delay + Slot Unavailability,BA,AF482,2026-01-29T09:50:00Z,2026-01-29T18:50:00Z,AUH,LHR,2,11,72,941,H,70,N
OAL-FLT-1108-1,FLT-1108,EY401,11,EY401 Typhoon -> EY406 LIAC,EK,SQ620,2026-01-31T10:38:00Z,2026-01-31T17:38:00Z,AUH,JED,0,1,96,1764,H,103,Y
OAL-FLT-1108-2,FLT-1108,EY401,11,EY401 Typhoon -> EY406 LIAC,AF,QR386,2026-01-31T14:38:00Z,2026-01-31T21:38:00Z,AUH,SYD,0,9,65,1784,B,159,N
OAL-FLT-1108-3,FLT-1108,EY401,11,EY401 Typhoon -> EY406 LIAC,EK,BA135,2026-01-31T12:38:00Z,2026-02-01T01:38:00Z,AUH,LHR,2,5,76,1123,M,74,N
OAL-FLT-1108-4,FLT-1108,EY401,11,EY401 Typhoon -> EY406 LIAC,EK,EK503,2026-01-31T18:38:00Z,2026-02-01T05:38:00Z,AUH,LHR,3,7,29,930,H,76,N
OAL-FLT-1109-1,FLT-1109,EY406,11,EY401 Typhoon -> EY406 LIAC,AF,LH454,2026-01-31T20:02:00Z,2026-02-01T04:02:00Z,BKK,SIN,3,2,10,1253,H,69,Y
OAL-FLT-1109-2,FLT-1109,EY406,11,EY401 Typhoon -> EY406 LIAC,EK,LH925,2026-01-31T18:02:00Z,2026-02-01T01:02:00Z,BKK,DEL,1,6,31,1638,M,110,N
