rebook_id,disrupted_flight,rebooking_option,rebooking_flight,rebooking_date,rebooking_time,new_route,passenger_count,cost_per_passenger_aed,total_cost_aed
REBOOK-EY117-001,EY117,OPTION_1,EY401,2026-01-31,06:38:00,BKKAUH,180,0,0
REBOOK-EY117-002,EY117,OPTION_2,EY5293_NEXT,2026-02-01,08:37:00,BKKSINAUH,180,850,153000
REBOOK-EY117-003,EY117,OPTION_3,EY402_REROUTE,2026-02-02,18:15:00,BKKFCOAUH,180,1200,216000
REBOOK-EY402-001,EY402,OPTION_1,EY401,2026-01-31,06:38:00,BKKAUH,180,0,0
REBOOK-EY402-002,EY402,OPTION_2,EY406,2026-01-31,08:02:00,AUHBKK,180,500,90000
REBOOK-EY402-003,EY402,OPTION_3,EY401_LATER,2026-02-02,06:38:00,BKKAUH,180,950,171000
REBOOK-EY25-001,EY25,OPTION_1,EY12,2026-02-01,20:00:00,LHRAUH,180,0,0
REBOOK-EY25-002,EY25,OPTION_2,EY19_LATER,2026-02-02,22:00:00,LHRAUH,180,750,135000
REBOOK-EY25-003,EY25,OPTION_3,EY25_LATER,2026-02-03,20:00:00,LHRAUH,180,900,162000
