availability_id,aircraft_registration,aircraft_type,scenario_id,scenario_name,date,status,location,next_scheduled_flight,next_departure_time,maintenance_due,hours_until_maintenance,cycles_until_maintenance,etops_certified,cargo_capacity_kg,passenger_capacity
AVL-A6-EYA-1,A6-EYA,A380,1,Bangkok Typhoon + Critical MEL Aircraft,2026-01-19,AVAILABLE,AUH,EY454,2026-01-19 10:26:00,2026-01-29,10,61,Y,16000,516
AVL-A6-EYA-2,A6-EYA,A380,2,London Fog + Multiple Aircraft AOG,2026-01-20,AVAILABLE,AUH,EY639,2026-01-20 08:48:00,2026-02-14,41,52,Y,16000,516
AVL-A6-EYA-3,A6-EYA,A380,3,Singapore Thunderstorms + MEL Expiry Cascade,2026-01-21,AVAILABLE,AUH,,,2026-02-03,362,9,Y,16000,516
AVL-A6-EYA-4,A6-EYA,A380,4,Paris Winter Storm + Temperature-Controlled Cargo Crisis,2026-01-22,AVAILABLE,AUH,,,2026-02-20,320,76,Y,16000,516
AVL-A6-EYA-5,A6-EYA,A380,5,Dubai Sandstorm + Hub Congestion + Multiple MEL Aircraft,2026-01-23,AVAILABLE,AUH,EY912,2026-01-23 10:18:00,2026-01-25,155,63,Y,16000,516
AVL-A6-EYA-6,A6-EYA,A380,6,Multiple Aircraft AOG + Engine Failure Cascade,2026-01-24,AVAILABLE,AUH,EY912,2026-01-24 20:38:00,2026-02-06,95,77,Y,16000,516
AVL-A6-EYA-7,A6-EYA,A380,7,Crew Out of Hours + Insufficient Cabin Crew Crisis,2026-01-25,AVAILABLE,AUH,EY0739,2026-01-25 10:31:00,2026-02-07,338,38,Y,16000,516
AVL-A6-EYA-8,A6-EYA,A380,8,Runway Closure + Airspace Flow Rate Restrictions,2026-01-27,AVAILABLE,AUH,EY912,2026-01-27 18:20:00,2026-02-11,423,47,Y,16000,516
AVL-A6-EYA-9,A6-EYA,A380,9,Security Threat + Geopolitical Airspace Diversion,2026-01-28,AVAILABLE,AUH,EY912,2026-01-28 10:53:00,2026-02-26,44,48,Y,16000,516
AVL-A6-EYA-10,A6-EYA,A380,10,Medical Emergency + Tarmac Delay + Slot Unavailability,2026-01-29,AVAILABLE,AUH,,,2026-02-06,140,17,Y,16000,516
AVL-A6-EYA-11,A6-EYA,A380,11,EY401 Typhoon -> EY406 LIAC,2026-01-31,AVAILABLE,AUH,EY454,2026-01-31 10:11:00,2026-02-13,499,77,Y,16000,516
AVL-A6-EYB-1,A6-EYB,A380,1,Bangkok Typhoon + Critical MEL Aircraft,2026-01-19,AVAILABLE,AUH,EY101,2026-01-19 16:46:00,2026-02-11,246,7,Y,16000,516
AVL-A6-EYB-2,A6-EYB,A380,2,London Fog + Multiple Aircraft AOG,2026-01-20,AVAILABLE,AUH,EY454,2026-01-20 10:31:00,2026-02-06,244,100,Y,16000,516
AVL-A6-EYB-3,A6-EYB,A380,3,Singapore Thunderstorms + MEL Expiry Cascade,2026-01-21,AVAILABLE,AUH,,,2026-02-08,353,34,Y,16000,516
AVL-A6-EYB-4,A6-EYB,A380,4,Paris Winter Storm + Temperature-Controlled Cargo Crisis,2026-01-22,AVAILABLE,AUH,,,2026-01-28,155,60,Y,16000,516
AVL-A6-EYB-5,A6-EYB,A380,5,Dubai Sandstorm + Hub Congestion + Multiple MEL Aircraft,2026-01-23,MEL,AUH,EY639,2026-01-23 12:40:00,2026-02-10,179,73,Y,16000,516
AVL-A6-EYB-6,A6-EYB,A380,6,Multiple Aircraft AOG + Engine Failure Cascade,2026-01-24,AVAILABLE,AUH,,,2026-02-18,306,54,Y,16000,516
AVL-A6-EYB-7,A6-EYB,A380,7,Crew Out of Hours + Insufficient Cabin Crew Crisis,2026-01-25,AVAILABLE,AUH,,,2026-01-26,166,59,Y,16000,516
AVL-A6-EYB-8,A6-EYB,A380,8,Runway Closure + Airspace Flow Rate Restrictions,2026-01-27,AVAILABLE,AUH,EY0739,2026-01-27 20:16:00,2026-02-18,144,45,Y,16000,516
AVL-A6-EYB-9,A6-EYB,A380,9,Security Threat + Geopolitical Airspace Diversion,2026-01-28,AVAILABLE,AUH,,,2026-02-05,42,85,Y,16000,516
AVL-A6-EYB-10,A6-EYB,A380,10,Medical Emergency + Tarmac Delay + Slot Unavailability,2026-01-29,AVAILABLE,AUH,,,2026-02-12,210,30,Y,16000,516
AVL-A6-EYB-11,A6-EYB,A380,11,EY401 Typhoon -> EY406 LIAC,2026-01-31,AVAILABLE,AUH,EY101,2026-01-31 16:52:00,2026-02-10,402,44,Y,16000,516
AVL-A6-EYC-1,A6-EYC,A380,1,Bangkok Typhoon + Critical MEL Aircraft,2026-01-19,AVAILABLE,AUH,,,2026-02-16,203,34,Y,16000,516
AVL-A6-EYC-2,A6-EYC,A380,2,London Fog + Multiple Aircraft AOG,2026-01-20,AVAILABLE,AUH,,,2026-02-12,383,5,Y,16000,516
AVL-A6-EYC-3,A6-EYC,A380,3,Singapore Thunderstorms + MEL Expiry Cascade,2026-01-21,AVAILABLE,AUH,,,2026-02-04,425,31,Y,16000,516
AVL-A6-EYC-4,A6-EYC,A380,4,Paris Winter Storm + Temperature-Controlled Cargo Crisis,2026-01-22,AVAILABLE,AUH,,,2026-02-19,457,7,Y,16000,516
AVL-A6-EYC-5,A6-EYC,A380,5,Dubai Sandstorm + Hub Congestion + Multiple MEL Aircraft,2026-01-23,AVAILABLE,AUH,,,2026-01-30,357,43,Y,16000,516
AVL-A6-EYC-6,A6-EYC,A380,6,Multiple Aircraft AOG + Engine Failure Cascade,2026-01-24,AVAILABLE,AUH,,,2026-02-05,430,47,Y,16000,516
AVL-A6-EYC-7,A6-EYC,A380,7,Crew Out of Hours + Insufficient Cabin Crew Crisis,2026-01-25,AVAILABLE,AUH,,,2026-02-22,263,71,Y,16000,516
AVL-A6-EYC-8,A6-EYC,A380,8,Runway Closure + Airspace Flow Rate Restrictions,2026-01-27,AVAILABLE,AUH,,,2026-02-02,132,17,Y,16000,516
AVL-A6-EYC-9,A6-EYC,A380,9,Security Threat + Geopolitical Airspace Diversion,2026-01-28,AVAILABLE,AUH,,,2026-02-20,440,87,Y,16000,516
AVL-A6-EYC-10,A6-EYC,A380,10,Medical Emergency + Tarmac Delay + Slot Unavailability,2026-01-29,AVAILABLE,AUH,,,2026-02-02,92,40,Y,16000,516
AVL-A6-EYC-11,A6-EYC,A380,11,EY401 Typhoon -> EY406 LIAC,2026-01-31,AVAILABLE,AUH,,,2026-02-14,18,63,Y,16000,516
AVL-A6-EYD-1,A6-EYD,B777X,1,Bangkok Typhoon + Critical MEL Aircraft,2026-01-19,AVAILABLE,AUH,,,2026-02-12,261,69,Y,14000,400
AVL-A6-EYD-2,A6-EYD,B777X,2,London Fog + Multiple Aircraft AOG,2026-01-20,AVAILABLE,AUH,,,2026-01-29,264,88,Y,14000,400
AVL-A6-EYD-3,A6-EYD,B777X,3,Singapore Thunderstorms + MEL Expiry Cascade,2026-01-21,AVAILABLE,AUH,,,2026-02-04,225,46,Y,14000,400
AVL-A6-EYD-4,A6-EYD,B777X,4,Paris Winter Storm + Temperature-Controlled Cargo Crisis,2026-01-22,AVAILABLE,AUH,,,2026-02-21,92,57,Y,14000,400
AVL-A6-EYD-5,A6-EYD,B777X,5,Dubai Sandstorm + Hub Congestion + Multiple MEL Aircraft,2026-01-23,AVAILABLE,AUH,,,2026-01-24,369,34,Y,14000,400
AVL-A6-EYD-6,A6-EYD,B777X,6,Multiple Aircraft AOG + Engine Failure Cascade,2026-01-24,AOG,AUH,EY7151,2026-01-24 06:46:00,2026-02-05,455,66,Y,14000,400
AVL-A6-EYD-7,A6-EYD,B777X,7,Crew Out of Hours + Insufficient Cabin Crew Crisis,2026-01-25,AVAILABLE,AUH,,,2026-02-15,105,91,Y,14000,400
AVL-A6-EYD-8,A6-EYD,B777X,8,Runway Closure + Airspace Flow Rate Restrictions,2026-01-27,AVAILABLE,AUH,,,2026-02-09,192,96,Y,14000,400
AVL-A6-EYD-9,A6-EYD,B777X,9,Security Threat + Geopolitical Airspace Diversion,2026-01-28,AVAILABLE,AUH,,,2026-02-06,340,58,Y,14000,400
AVL-A6-EYD-10,A6-EYD,B777X,10,Medical Emergency + Tarmac Delay + Slot Unavailability,2026-01-29,AVAILABLE,AUH,,,2026-02-09,476,95,Y,14000,400
AVL-A6-EYD-11,A6-EYD,B777X,11,EY401 Typhoon -> EY406 LIAC,2026-01-31,AVAILABLE,AUH,,,2026-02-23,279,83,Y,14000,400
AVL-A6-EYE-1,A6-EYE,B777X,1,Bangkok Typhoon + Critical MEL Aircraft,2026-01-19,AVAILABLE,AUH,,,2026-01-23,23,47,Y,14000,400
AVL-A6-EYE-2,A6-EYE,B777X,2,London Fog + Multiple Aircraft AOG,2026-01-20,AVAILABLE,AUH,,,2026-02-08,493,71,Y,14000,400
AVL-A6-EYE-3,A6-EYE,B777X,3,Singapore Thunderstorms + MEL Expiry Cascade,2026-01-21,AVAILABLE,AUH,,,2026-02-04,222,56,Y,14000,400
AVL-A6-EYE-4,A6-EYE,B777X,4,Paris Winter Storm + Temperature-Controlled Cargo Crisis,2026-01-22,AVAILABLE,AUH,,,2026-01-29,124,6,Y,14000,400
AVL-A6-EYE-5,A6-EYE,B777X,5,Dubai Sandstorm + Hub Congestion + Multiple MEL Aircraft,2026-01-23,AVAILABLE,AUH,,,2026-01-27,322,78,Y,14000,400
AVL-A6-EYE-6,A6-EYE,B777X,6,Multiple Aircraft AOG + Engine Failure Cascade,2026-01-24,AOG,AUH,EY3102,2026-01-24 08:12:00,2026-02-15,127,64,Y,14000,400
AVL-A6-EYE-7,A6-EYE,B777X,7,Crew Out of Hours + Insufficient Cabin Crew Crisis,2026-01-25,AVAILABLE,AUH,,,2026-02-07,80,55,Y,14000,400
AVL-A6-EYE-8,A6-EYE,B777X,8,Runway Closure + Airspace Flow Rate Restrictions,2026-01-27,AVAILABLE,AUH,,,2026-02-18,496,37,Y,14000,400
AVL-A6-EYE-9,A6-EYE,B777X,9,Security Threat + Geopolitical Airspace Diversion,2026-01-28,AVAILABLE,AUH,,,2026-01-31,331,12,Y,14000,400
AVL-A6-EYE-10,A6-EYE,B777X,10,Medical Emergency + Tarmac Delay + Slot Unavailability,2026-01-29,AVAILABLE,AUH,,,2026-02-17,412,11,Y,14000,400
AVL-A6-EYE-11,A6-EYE,B777X,11,EY401 Typhoon -> EY406 LIAC,2026-01-31,AVAILABLE,AUH,,,2026-02-22,112,13,Y,14000,400
AVL-A6-EYF-1,A6-EYF,B787-10,1,Bangkok Typhoon + Critical MEL Aircraft,2026-01-19,AVAILABLE,AUH,EY25,2026-01-19 14:13:00,2026-02-03,297,77,Y,12000,330
AVL-A6-EYF-2,A6-EYF,B787-10,2,London Fog + Multiple Aircraft AOG,2026-01-20,AVAILABLE,AUH,EY25,2026-01-20 10:27:00,2026-01-23,397,16,Y,12000,330
AVL-A6-EYF-3,A6-EYF,B787-10,3,Singapore Thunderstorms + MEL Expiry Cascade,2026-01-21,AVAILABLE,AUH,,,2026-01-23,418,26,Y,12000,330
AVL-A6-EYF-4,A6-EYF,B787-10,4,Paris Winter Storm + Temperature-Controlled Cargo Crisis,2026-01-22,AVAILABLE,AUH,,,2026-01-25,211,59,Y,12000,330
AVL-A6-EYF-5,A6-EYF,B787-10,5,Dubai Sandstorm + Hub Congestion + Multiple MEL Aircraft,2026-01-23,AVAILABLE,AUH,EY432,2026-01-23 14:05:00,2026-02-21,436,43,Y,12000,330
AVL-A6-EYF-6,A6-EYF,B787-10,6,Multiple Aircraft AOG + Engine Failure Cascade,2026-01-24,AVAILABLE,AUH,,,2026-02-09,100,6,Y,12000,330
AVL-A6-EYF-7,A6-EYF,B787-10,7,Crew Out of Hours + Insufficient Cabin Crew Crisis,2026-01-25,AVAILABLE,AUH,EY432,2026-01-25 12:49:00,2026-02-17,499,39,Y,12000,330
AVL-A6-EYF-8,A6-EYF,B787-10,8,Runway Closure + Airspace Flow Rate Restrictions,2026-01-27,AVAILABLE,AUH,EY432,2026-01-27 12:43:00,2026-02-19,35,79,Y,12000,330
AVL-A6-EYF-9,A6-EYF,B787-10,9,Security Threat + Geopolitical Airspace Diversion,2026-01-28,AVAILABLE,AUH,EY432,2026-01-28 18:26:00,2026-02-26,246,25,Y,12000,330
AVL-A6-EYF-10,A6-EYF,B787-10,10,Medical Emergency + Tarmac Delay + Slot Unavailability,2026-01-29,AVAILABLE,AUH,,,2026-02-26,447,41,Y,12000,330
AVL-A6-EYF-11,A6-EYF,B787-10,11,EY401 Typhoon -> EY406 LIAC,2026-01-31,AVAILABLE,AUH,EY25,2026-01-31 14:21:00,2026-03-01,383,12,Y,12000,330
AVL-A6-EYG-1,A6-EYG,B787-10,1,Bangkok Typhoon + Critical MEL Aircraft,2026-01-19,AVAILABLE,AUH,,,2026-01-30,491,83,Y,12000,330
AVL-A6-EYG-2,A6-EYG,B787-10,2,London Fog + Multiple Aircraft AOG,2026-01-20,AVAILABLE,AUH,EY19,2026-01-20 12:31:00,2026-02-12,66,49,Y,12000,330
AVL-A6-EYG-3,A6-EYG,B787-10,3,Singapore Thunderstorms + MEL Expiry Cascade,2026-01-21,AVAILABLE,AUH,,,2026-01-25,80,58,Y,12000,330
AVL-A6-EYG-4,A6-EYG,B787-10,4,Paris Winter Storm + Temperature-Controlled Cargo Crisis,2026-01-22,AVAILABLE,AUH,,,2026-02-13,259,98,Y,12000,330
AVL-A6-EYG-5,A6-EYG,B787-10,5,Dubai Sandstorm + Hub Congestion + Multiple MEL Aircraft,2026-01-23,AVAILABLE,AUH,EY8184,2026-01-23 16:21:00,2026-02-08,384,80,Y,12000,330
AVL-A6-EYG-6,A6-EYG,B787-10,6,Multiple Aircraft AOG + Engine Failure Cascade,2026-01-24,AVAILABLE,AUH,,,2026-01-26,11,29,Y,12000,330
AVL-A6-EYG-7,A6-EYG,B787-10,7,Crew Out of Hours + Insufficient Cabin Crew Crisis,2026-01-25,AVAILABLE,AUH,,,2026-02-09,403,81,Y,12000,330
AVL-A6-EYG-8,A6-EYG,B787-10,8,Runway Closure + Airspace Flow Rate Restrictions,2026-01-27,AVAILABLE,AUH,EY8184,2026-01-27 16:11:00,2026-02-19,16,59,Y,12000,330
AVL-A6-EYG-9,A6-EYG,B787-10,9,Security Threat + Geopolitical Airspace Diversion,2026-01-28,AVAILABLE,AUH,EY8184,2026-01-28 08:49:00,2026-02-02,84,56,Y,12000,330
AVL-A6-EYG-10,A6-EYG,B787-10,10,Medical Emergency + Tarmac Delay + Slot Unavailability,2026-01-29,AVAILABLE,AUH,,,2026-02-20,51,28,Y,12000,330
AVL-A6-EYG-11,A6-EYG,B787-10,11,EY401 Typhoon -> EY406 LIAC,2026-01-31,AVAILABLE,AUH,,,2026-03-02,110,8,Y,12000,330
AVL-A6-EYH-1,A6-EYH,B787-10,1,Bangkok Typhoon + Critical MEL Aircraft,2026-01-19,AVAILABLE,AUH,EY472,2026-01-19 20:45:00,2026-01-30,54,44,Y,12000,330
AVL-A6-EYH-2,A6-EYH,B787-10,2,London Fog + Multiple Aircraft AOG,2026-01-20,AVAILABLE,AUH,EY11,2026-01-20 14:10:00,2026-02-12,391,87,Y,12000,330
AVL-A6-EYH-3,A6-EYH,B787-10,3,Singapore Thunderstorms + MEL Expiry Cascade,2026-01-21,AVAILABLE,AUH,EY472,2026-01-21 08:14:00,2026-02-09,485,28,Y,12000,330
AVL-A6-EYH-4,A6-EYH,B787-10,4,Paris Winter Storm + Temperature-Controlled Cargo Crisis,2026-01-22,AVAILABLE,AUH,,,2026-02-06,425,9,Y,12000,330
AVL-A6-EYH-5,A6-EYH,B787-10,5,Dubai Sandstorm + Hub Congestion + Multiple MEL Aircraft,2026-01-23,MEL,AUH,EY1202,2026-01-23 18:28:00,2026-02-18,189,12,Y,12000,330
AVL-A6-EYH-6,A6-EYH,B787-10,6,Multiple Aircraft AOG + Engine Failure Cascade,2026-01-24,AVAILABLE,AUH,,,2026-02-08,392,28,Y,12000,330
AVL-A6-EYH-7,A6-EYH,B787-10,7,Crew Out of Hours + Insufficient Cabin Crew Crisis,2026-01-25,AVAILABLE,AUH,EY1202,2026-01-25 14:15:00,2026-02-07,195,59,Y,12000,330
AVL-A6-EYH-8,A6-EYH,B787-10,8,Runway Closure + Airspace Flow Rate Restrictions,2026-01-27,AVAILABLE,AUH,EY1202,2026-01-27 14:39:00,2026-02-17,479,8,Y,12000,330
AVL-A6-EYH-9,A6-EYH,B787-10,9,Security Threat + Geopolitical Airspace Diversion,2026-01-28,AVAILABLE,AUH,EY1202,2026-01-28 14:54:00,2026-02-09,125,38,Y,12000,330
AVL-A6-EYH-10,A6-EYH,B787-10,10,Medical Emergency + Tarmac Delay + Slot Unavailability,2026-01-29,AVAILABLE,AUH,,,2026-02-08,74,32,Y,12000,330
AVL-A6-EYH-11,A6-EYH,B787-10,11,EY401 Typhoon -> EY406 LIAC,2026-01-31,AVAILABLE,AUH,EY472,2026-01-31 20:12:00,2026-02-12,401,80,Y,12000,330
AVL-A6-EYI-1,A6-EYI,B787-10,1,Bangkok Typhoon + Critical MEL Aircraft,2026-01-19,AVAILABLE,AUH,,,2026-01-22,251,93,Y,12000,330
AVL-A6-EYI-2,A6-EYI,B787-10,2,London Fog + Multiple Aircraft AOG,2026-01-20,AVAILABLE,AUH,EY334,2026-01-20 22:46:00,2026-01-21,198,29,Y,12000,330
AVL-A6-EYI-3,A6-EYI,B787-10,3,Singapore Thunderstorms + MEL Expiry Cascade,2026-01-21,AVAILABLE,AUH,,,2026-02-16,197,60,Y,12000,330
AVL-A6-EYI-4,A6-EYI,B787-10,4,Paris Winter Storm + Temperature-Controlled Cargo Crisis,2026-01-22,AVAILABLE,AUH,EY2796,2026-01-22 06:10:00,2026-02-08,157,89,Y,12000,330
AVL-A6-EYI-5,A6-EYI,B787-10,5,Dubai Sandstorm + Hub Congestion + Multiple MEL Aircraft,2026-01-23,AVAILABLE,AUH,,,2026-02-12,130,94,Y,12000,330
AVL-A6-EYI-6,A6-EYI,B787-10,6,Multiple Aircraft AOG + Engine Failure Cascade,2026-01-24,AVAILABLE,AUH,,,2026-02-23,185,9,Y,12000,330
AVL-A6-EYI-7,A6-EYI,B787-10,7,Crew Out of Hours + Insufficient Cabin Crew Crisis,2026-01-25,AVAILABLE,AUH,EY8086,2026-01-25 06:52:00,2026-02-01,237,68,Y,12000,330
AVL-A6-EYI-8,A6-EYI,B787-10,8,Runway Closure + Airspace Flow Rate Restrictions,2026-01-27,AVAILABLE,AUH,EY8086,2026-01-27 06:30:00,2026-01-30,65,80,Y,12000,330
AVL-A6-EYI-9,A6-EYI,B787-10,9,Security Threat + Geopolitical Airspace Diversion,2026-01-28,AVAILABLE,AUH,EY8086,2026-01-28 06:46:00,2026-01-30,316,91,Y,12000,330
AVL-A6-EYI-10,A6-EYI,B787-10,10,Medical Emergency + Tarmac Delay + Slot Unavailability,2026-01-29,AVAILABLE,AUH,EY8086,2026-01-29 06:58:00,2026-02-01,17,32,Y,12000,330
AVL-A6-EYI-11,A6-EYI,B787-10,11,EY401 Typhoon -> EY406 LIAC,2026-01-31,AVAILABLE,AUH,,,2026-02-18,118,92,Y,12000,330
AVL-A6-EYJ-1,A6-EYJ,B787-10,1,Bangkok Typhoon + Critical MEL Aircraft,2026-01-19,AVAILABLE,AUH,EY334,2026-01-19 12:48:00,2026-01-23,46,22,Y,12000,330
AVL-A6-EYJ-2,A6-EYJ,B787-10,2,London Fog + Multiple Aircraft AOG,2026-01-20,AVAILABLE,AUH,EY1202,2026-01-20 06:55:00,2026-01-24,213,82,Y,12000,330
AVL-A6-EYJ-3,A6-EYJ,B787-10,3,Singapore Thunderstorms + MEL Expiry Cascade,2026-01-21,AVAILABLE,AUH,EY334,2026-01-21 20:29:00,2026-02-20,263,96,Y,12000,330
AVL-A6-EYJ-4,A6-EYJ,B787-10,4,Paris Winter Storm + Temperature-Controlled Cargo Crisis,2026-01-22,AVAILABLE,AUH,EY334,2026-01-22 08:12:00,2026-01-30,212,97,Y,12000,330
AVL-A6-EYJ-5,A6-EYJ,B787-10,5,Dubai Sandstorm + Hub Congestion + Multiple MEL Aircraft,2026-01-23,AVAILABLE,AUH,,,2026-02-12,43,10,Y,12000,330
AVL-A6-EYJ-6,A6-EYJ,B787-10,6,Multiple Aircraft AOG + Engine Failure Cascade,2026-01-24,AVAILABLE,AUH,,,2026-02-12,31,69,Y,12000,330
AVL-A6-EYJ-7,A6-EYJ,B787-10,7,Crew Out of Hours + Insufficient Cabin Crew Crisis,2026-01-25,AVAILABLE,AUH,EY6622,2026-01-25 08:09:00,2026-02-16,263,18,Y,12000,330
AVL-A6-EYJ-8,A6-EYJ,B787-10,8,Runway Closure + Airspace Flow Rate Restrictions,2026-01-27,AVAILABLE,AUH,EY6622,2026-01-27 22:41:00,2026-02-11,163,71,Y,12000,330
AVL-A6-EYJ-9,A6-EYJ,B787-10,9,Security Threat + Geopolitical Airspace Diversion,2026-01-28,AVAILABLE,AUH,EY334,2026-01-28 12:36:00,2026-02-24,124,62,Y,12000,330
AVL-A6-EYJ-10,A6-EYJ,B787-10,10,Medical Emergency + Tarmac Delay + Slot Unavailability,2026-01-29,AVAILABLE,AUH,EY334,2026-01-29 10:29:00,2026-02-27,132,15,Y,12000,330
AVL-A6-EYJ-11,A6-EYJ,B787-10,11,EY401 Typhoon -> EY406 LIAC,2026-01-31,AVAILABLE,AUH,EY334,2026-01-31 12:22:00,2026-02-27,209,75,Y,12000,330
AVL-A6-EYK-1,A6-EYK,A350,1,Bangkok Typhoon + Critical MEL Aircraft,2026-01-19,AVAILABLE,AUH,,,2026-02-13,307,19,Y,13000,350
AVL-A6-EYK-2,A6-EYK,A350,2,London Fog + Multiple Aircraft AOG,2026-01-20,AVAILABLE,AUH,EY8184,2026-01-20 06:41:00,2026-01-21,469,61,Y,13000,350
AVL-A6-EYK-3,A6-EYK,A350,3,Singapore Thunderstorms + MEL Expiry Cascade,2026-01-21,AVAILABLE,AUH,,,2026-01-31,474,67,Y,13000,350
AVL-A6-EYK-4,A6-EYK,A350,4,Paris Winter Storm + Temperature-Controlled Cargo Crisis,2026-01-22,AVAILABLE,AUH,EY1677,2026-01-22 10:34:00,2026-01-26,199,62,Y,13000,350
AVL-A6-EYK-5,A6-EYK,A350,5,Dubai Sandstorm + Hub Congestion + Multiple MEL Aircraft,2026-01-23,AVAILABLE,AUH,,,2026-01-26,28,18,Y,13000,350
AVL-A6-EYK-6,A6-EYK,A350,6,Multiple Aircraft AOG + Engine Failure Cascade,2026-01-24,AOG,AUH,EY003,2026-01-24 10:20:00,2026-02-07,391,62,Y,13000,350
AVL-A6-EYK-7,A6-EYK,A350,7,Crew Out of Hours + Insufficient Cabin Crew Crisis,2026-01-25,AVAILABLE,AUH,EY334,2026-01-25 16:35:00,2026-02-12,420,52,Y,13000,350
AVL-A6-EYK-8,A6-EYK,A350,8,Runway Closure + Airspace Flow Rate Restrictions,2026-01-27,AVAILABLE,AUH,EY5265,2026-01-27 06:15:00,2026-02-04,200,13,Y,13000,350
AVL-A6-EYK-9,A6-EYK,A350,9,Security Threat + Geopolitical Airspace Diversion,2026-01-28,AVAILABLE,AUH,EY6622,2026-01-28 20:41:00,2026-01-29,271,37,Y,13000,350
AVL-A6-EYK-10,A6-EYK,A350,10,Medical Emergency + Tarmac Delay + Slot Unavailability,2026-01-29,AVAILABLE,AUH,,,2026-02-19,245,33,Y,13000,350
AVL-A6-EYK-11,A6-EYK,A350,11,EY401 Typhoon -> EY406 LIAC,2026-01-31,AVAILABLE,AUH,,,2026-02-25,463,36,Y,13000,350
AVL-A6-EYL-1,A6-EYL,A350,1,Bangkok Typhoon + Critical MEL Aircraft,2026-01-19,AVAILABLE,AUH,,,2026-01-31,199,95,Y,13000,350
AVL-A6-EYL-2,A6-EYL,A350,2,London Fog + Multiple Aircraft AOG,2026-01-20,AVAILABLE,AUH,EY6268,2026-01-20 08:08:00,2026-02-05,335,89,Y,13000,350
AVL-A6-EYL-3,A6-EYL,A350,3,Singapore Thunderstorms + MEL Expiry Cascade,2026-01-21,AVAILABLE,AUH,,,2026-01-27,41,58,Y,13000,350
AVL-A6-EYL-4,A6-EYL,A350,4,Paris Winter Storm + Temperature-Controlled Cargo Crisis,2026-01-22,AVAILABLE,AUH,EY462,2026-01-22 12:30:00,2026-02-09,413,57,Y,13000,350
AVL-A6-EYL-5,A6-EYL,A350,5,Dubai Sandstorm + Hub Congestion + Multiple MEL Aircraft,2026-01-23,AVAILABLE,AUH,,,2026-02-14,177,24,Y,13000,350
AVL-A6-EYL-6,A6-EYL,A350,6,Multiple Aircraft AOG + Engine Failure Cascade,2026-01-24,AVAILABLE,AUH,EY8086,2026-01-24 18:53:00,2026-02-10,252,27,Y,13000,350
AVL-A6-EYL-7,A6-EYL,A350,7,Crew Out of Hours + Insufficient Cabin Crew Crisis,2026-01-25,AVAILABLE,AUH,,,2026-02-04,485,27,Y,13000,350
AVL-A6-EYL-8,A6-EYL,A350,8,Runway Closure + Airspace Flow Rate Restrictions,2026-01-27,AVAILABLE,AUH,EY6005,2026-01-27 08:30:00,2026-02-17,488,87,Y,13000,350
AVL-A6-EYL-9,A6-EYL,A350,9,Security Threat + Geopolitical Airspace Diversion,2026-01-28,AVAILABLE,AUH,EY5265,2026-01-28 22:14:00,2026-02-03,51,82,Y,13000,350
AVL-A6-EYL-10,A6-EYL,A350,10,Medical Emergency + Tarmac Delay + Slot Unavailability,2026-01-29,AVAILABLE,AUH,,,2026-02-03,104,25,Y,13000,350
AVL-A6-EYL-11,A6-EYL,A350,11,EY401 Typhoon -> EY406 LIAC,2026-01-31,AVAILABLE,AUH,,,2026-02-22,89,98,Y,13000,350
AVL-A6-EYM-1,A6-EYM,A350,1,Bangkok Typhoon + Critical MEL Aircraft,2026-01-19,AVAILABLE,AUH,,,2026-02-05,489,68,Y,13000,350
AVL-A6-EYM-2,A6-EYM,A350,2,London Fog + Multiple Aircraft AOG,2026-01-20,AVAILABLE,AUH,,,2026-02-06,82,68,Y,13000,350
AVL-A6-EYM-3,A6-EYM,A350,3,Singapore Thunderstorms + MEL Expiry Cascade,2026-01-21,AVAILABLE,AUH,EY3105,2026-01-21 06:15:00,2026-02-04,256,19,Y,13000,350
AVL-A6-EYM-4,A6-EYM,A350,4,Paris Winter Storm + Temperature-Controlled Cargo Crisis,2026-01-22,AVAILABLE,AUH,,,2026-02-09,257,69,Y,13000,350
AVL-A6-EYM-5,A6-EYM,A350,5,Dubai Sandstorm + Hub Congestion + Multiple MEL Aircraft,2026-01-23,AVAILABLE,AUH,EY8396,2026-01-23 06:53:00,2026-02-13,76,21,Y,13000,350
AVL-A6-EYM-6,A6-EYM,A350,6,Multiple Aircraft AOG + Engine Failure Cascade,2026-01-24,AVAILABLE,AUH,,,2026-02-12,123,41,Y,13000,350
AVL-A6-EYM-7,A6-EYM,A350,7,Crew Out of Hours + Insufficient Cabin Crew Crisis,2026-01-25,AVAILABLE,AUH,,,2026-02-12,442,40,Y,13000,350
AVL-A6-EYM-8,A6-EYM,A350,8,Runway Closure + Airspace Flow Rate Restrictions,2026-01-27,AVAILABLE,AUH,EY4943,2026-01-27 08:54:00,2026-02-18,164,93,Y,13000,350
AVL-A6-EYM-9,A6-EYM,A350,9,Security Threat + Geopolitical Airspace Diversion,2026-01-28,AVAILABLE,AUH,EY3160,2026-01-28 06:23:00,2026-02-09,248,96,Y,13000,350
AVL-A6-EYM-10,A6-EYM,A350,10,Medical Emergency + Tarmac Delay + Slot Unavailability,2026-01-29,AVAILABLE,AUH,,,2026-02-16,21,91,Y,13000,350
AVL-A6-EYM-11,A6-EYM,A350,11,EY401 Typhoon -> EY406 LIAC,2026-01-31,AVAILABLE,AUH,,,2026-02-06,267,83,Y,13000,350
AVL-A6-EYN-1,A6-EYN,A321LR,1,Bangkok Typhoon + Critical MEL Aircraft,2026-01-19,AVAILABLE,AUH,EY313,2026-01-19 22:17:00,2026-02-18,426,99,N,4200,206
AVL-A6-EYN-2,A6-EYN,A321LR,2,London Fog + Multiple Aircraft AOG,2026-01-20,AVAILABLE,AUH,,,2026-02-09,391,14,N,4200,206
AVL-A6-EYN-3,A6-EYN,A321LR,3,Singapore Thunderstorms + MEL Expiry Cascade,2026-01-21,MEL,AUH,EY424,2026-01-21 10:15:00,2026-02-09,438,14,N,4200,206
AVL-A6-EYN-4,A6-EYN,A321LR,4,Paris Winter Storm + Temperature-Controlled Cargo Crisis,2026-01-22,AVAILABLE,AUH,,,2026-01-30,260,93,N,4200,206
AVL-A6-EYN-5,A6-EYN,A321LR,5,Dubai Sandstorm + Hub Congestion + Multiple MEL Aircraft,2026-01-23,AVAILABLE,AUH,EY4943,2026-01-23 08:19:00,2026-02-15,372,29,N,4200,206
AVL-A6-EYN-6,A6-EYN,A321LR,6,Multiple Aircraft AOG + Engine Failure Cascade,2026-01-24,AVAILABLE,AUH,,,2026-02-16,356,14,N,4200,206
AVL-A6-EYN-7,A6-EYN,A321LR,7,Crew Out of Hours + Insufficient Cabin Crew Crisis,2026-01-25,AVAILABLE,AUH,,,2026-02-17,77,47,N,4200,206
AVL-A6-EYN-8,A6-EYN,A321LR,8,Runway Closure + Airspace Flow Rate Restrictions,2026-01-27,AVAILABLE,AUH,EY9626,2026-01-27 10:17:00,2026-02-11,460,68,N,4200,206
AVL-A6-EYN-9,A6-EYN,A321LR,9,Security Threat + Geopolitical Airspace Diversion,2026-01-28,AVAILABLE,AUH,EY6005,2026-01-28 08:35:00,2026-02-07,273,99,N,4200,206
AVL-A6-EYN-10,A6-EYN,A321LR,10,Medical Emergency + Tarmac Delay + Slot Unavailability,2026-01-29,AVAILABLE,AUH,,,2026-02-05,393,55,N,4200,206
AVL-A6-EYN-11,A6-EYN,A321LR,11,EY401 Typhoon -> EY406 LIAC,2026-01-31,AVAILABLE,AUH,EY313,2026-01-31 22:48:00,2026-02-12,125,50,N,4200,206
AVL-A6-EYO-1,A6-EYO,A321LR,1,Bangkok Typhoon + Critical MEL Aircraft,2026-01-19,AVAILABLE,AUH,EY424,2026-01-19 06:22:00,2026-02-09,422,37,N,4200,206
AVL-A6-EYO-2,A6-EYO,A321LR,2,London Fog + Multiple Aircraft AOG,2026-01-20,AVAILABLE,AUH,,,2026-01-23,255,21,N,4200,206
AVL-A6-EYO-3,A6-EYO,A321LR,3,Singapore Thunderstorms + MEL Expiry Cascade,2026-01-21,MEL,AUH,EY868,2026-01-21 12:46:00,2026-02-12,479,76,N,4200,206
AVL-A6-EYO-4,A6-EYO,A321LR,4,Paris Winter Storm + Temperature-Controlled Cargo Crisis,2026-01-22,AVAILABLE,AUH,,,2026-02-03,76,97,N,4200,206
AVL-A6-EYO-5,A6-EYO,A321LR,5,Dubai Sandstorm + Hub Congestion + Multiple MEL Aircraft,2026-01-23,AVAILABLE,AUH,,,2026-02-21,248,9,N,4200,206
AVL-A6-EYO-6,A6-EYO,A321LR,6,Multiple Aircraft AOG + Engine Failure Cascade,2026-01-24,AVAILABLE,AUH,,,2026-01-29,175,51,N,4200,206
AVL-A6-EYO-7,A6-EYO,A321LR,7,Crew Out of Hours + Insufficient Cabin Crew Crisis,2026-01-25,AVAILABLE,AUH,,,2026-02-24,469,94,N,4200,206
AVL-A6-EYO-8,A6-EYO,A321LR,8,Runway Closure + Airspace Flow Rate Restrictions,2026-01-27,AVAILABLE,AUH,EY2796,2026-01-27 10:19:00,2026-01-31,460,63,N,4200,206
AVL-A6-EYO-9,A6-EYO,A321LR,9,Security Threat + Geopolitical Airspace Diversion,2026-01-28,AVAILABLE,AUH,,,2026-02-10,288,26,N,4200,206
AVL-A6-EYO-10,A6-EYO,A321LR,10,Medical Emergency + Tarmac Delay + Slot Unavailability,2026-01-29,AVAILABLE,AUH,,,2026-02-19,480,87,N,4200,206
AVL-A6-EYO-11,A6-EYO,A321LR,11,EY401 Typhoon -> EY406 LIAC,2026-01-31,AVAILABLE,AUH,EY424,2026-01-31 06:28:00,2026-02-06,18,77,N,4200,206
AVL-A6-EYP-1,A6-EYP,A321LR,1,Bangkok Typhoon + Critical MEL Aircraft,2026-01-19,AVAILABLE,AUH,,,2026-02-07,410,18,N,4200,206
AVL-A6-EYP-2,A6-EYP,A321LR,2,London Fog + Multiple Aircraft AOG,2026-01-20,AVAILABLE,AUH,,,2026-02-01,381,12,N,4200,206
AVL-A6-EYP-3,A6-EYP,A321LR,3,Singapore Thunderstorms + MEL Expiry Cascade,2026-01-21,AVAILABLE,AUH,,,2026-01-26,225,52,N,4200,206
AVL-A6-EYP-4,A6-EYP,A321LR,4,Paris Winter Storm + Temperature-Controlled Cargo Crisis,2026-01-22,AVAILABLE,AUH,,,2026-02-10,109,37,N,4200,206
AVL-A6-EYP-5,A6-EYP,A321LR,5,Dubai Sandstorm + Hub Congestion + Multiple MEL Aircraft,2026-01-23,AVAILABLE,AUH,,,2026-02-06,122,85,N,4200,206
AVL-A6-EYP-6,A6-EYP,A321LR,6,Multiple Aircraft AOG + Engine Failure Cascade,2026-01-24,AVAILABLE,AUH,,,2026-02-17,167,65,N,4200,206
AVL-A6-EYP-7,A6-EYP,A321LR,7,Crew Out of Hours + Insufficient Cabin Crew Crisis,2026-01-25,AVAILABLE,AUH,,,2026-02-11,412,6,N,4200,206
AVL-A6-EYP-8,A6-EYP,A321LR,8,Runway Closure + Airspace Flow Rate Restrictions,2026-01-27,AVAILABLE,AUH,,,2026-02-19,284,16,N,4200,206
AVL-A6-EYP-9,A6-EYP,A321LR,9,Security Threat + Geopolitical Airspace Diversion,2026-01-28,AVAILABLE,AUH,,,2026-02-27,168,37,N,4200,206
AVL-A6-EYP-10,A6-EYP,A321LR,10,Medical Emergency + Tarmac Delay + Slot Unavailability,2026-01-29,AVAILABLE,AUH,,,2026-02-20,487,79,N,4200,206
AVL-A6-EYP-11,A6-EYP,A321LR,11,EY401 Typhoon -> EY406 LIAC,2026-01-31,AVAILABLE,AUH,,,2026-02-21,498,51,N,4200,206
AVL-A6-EYQ-1,A6-EYQ,A320,1,Bangkok Typhoon + Critical MEL Aircraft,2026-01-19,AVAILABLE,AUH,EY170,2026-01-19 18:18:00,2026-02-03,296,75,N,3500,180
AVL-A6-EYQ-2,A6-EYQ,A320,2,London Fog + Multiple Aircraft AOG,2026-01-20,AVAILABLE,AUH,,,2026-02-09,245,89,N,3500,180
AVL-A6-EYQ-3,A6-EYQ,A320,3,Singapore Thunderstorms + MEL Expiry Cascade,2026-01-21,AVAILABLE,AUH,,,2026-01-25,284,99,N,3500,180
AVL-A6-EYQ-4,A6-EYQ,A320,4,Paris Winter Storm + Temperature-Controlled Cargo Crisis,2026-01-22,AVAILABLE,AUH,,,2026-02-15,162,99,N,3500,180
AVL-A6-EYQ-5,A6-EYQ,A320,5,Dubai Sandstorm + Hub Congestion + Multiple MEL Aircraft,2026-01-23,AVAILABLE,AUH,EY170,2026-01-23 20:56:00,2026-02-06,151,27,N,3500,180
AVL-A6-EYQ-6,A6-EYQ,A320,6,Multiple Aircraft AOG + Engine Failure Cascade,2026-01-24,AVAILABLE,AUH,,,2026-02-15,491,24,N,3500,180
AVL-A6-EYQ-7,A6-EYQ,A320,7,Crew Out of Hours + Insufficient Cabin Crew Crisis,2026-01-25,AVAILABLE,AUH,,,2026-01-28,164,38,N,3500,180
AVL-A6-EYQ-8,A6-EYQ,A320,8,Runway Closure + Airspace Flow Rate Restrictions,2026-01-27,AVAILABLE,AUH,,,2026-02-05,289,95,N,3500,180
AVL-A6-EYQ-9,A6-EYQ,A320,9,Security Threat + Geopolitical Airspace Diversion,2026-01-28,AVAILABLE,AUH,EY170,2026-01-28 16:00:00,2026-02-02,57,23,N,3500,180
AVL-A6-EYQ-10,A6-EYQ,A320,10,Medical Emergency + Tarmac Delay + Slot Unavailability,2026-01-29,AVAILABLE,AUH,,,2026-02-06,87,65,N,3500,180
AVL-A6-EYQ-11,A6-EYQ,A320,11,EY401 Typhoon -> EY406 LIAC,2026-01-31,AVAILABLE,AUH,EY170,2026-01-31 18:52:00,2026-02-05,105,85,N,3500,180
AVL-A6-EYR-1,A6-EYR,A320,1,Bangkok Typhoon + Critical MEL Aircraft,2026-01-19,AVAILABLE,AUH,,,2026-01-24,330,76,N,3500,180
AVL-A6-EYR-2,A6-EYR,A320,2,London Fog + Multiple Aircraft AOG,2026-01-20,AVAILABLE,AUH,,,2026-02-03,415,9,N,3500,180
AVL-A6-EYR-3,A6-EYR,A320,3,Singapore Thunderstorms + MEL Expiry Cascade,2026-01-21,AVAILABLE,AUH,,,2026-01-23,145,52,N,3500,180
AVL-A6-EYR-4,A6-EYR,A320,4,Paris Winter Storm + Temperature-Controlled Cargo Crisis,2026-01-22,AVAILABLE,AUH,,,2026-02-15,138,95,N,3500,180
AVL-A6-EYR-5,A6-EYR,A320,5,Dubai Sandstorm + Hub Congestion + Multiple MEL Aircraft,2026-01-23,AVAILABLE,AUH,,,2026-01-24,10,56,N,3500,180
AVL-A6-EYR-6,A6-EYR,A320,6,Multiple Aircraft AOG + Engine Failure Cascade,2026-01-24,AVAILABLE,AUH,,,2026-02-16,496,33,N,3500,180
AVL-A6-EYR-7,A6-EYR,A320,7,Crew Out of Hours + Insufficient Cabin Crew Crisis,2026-01-25,AVAILABLE,AUH,,,2026-02-14,222,12,N,3500,180
AVL-A6-EYR-8,A6-EYR,A320,8,Runway Closure + Airspace Flow Rate Restrictions,2026-01-27,AVAILABLE,AUH,,,2026-02-15,498,34,N,3500,180
AVL-A6-EYR-9,A6-EYR,A320,9,Security Threat + Geopolitical Airspace Diversion,2026-01-28,AVAILABLE,AUH,,,2026-02-25,185,84,N,3500,180
AVL-A6-EYR-10,A6-EYR,A320,10,Medical Emergency + Tarmac Delay + Slot Unavailability,2026-01-29,AVAILABLE,AUH,,,2026-02-11,154,89,N,3500,180
AVL-A6-EYR-11,A6-EYR,A320,11,EY401 Typhoon -> EY406 LIAC,2026-01-31,AVAILABLE,AUH,,,2026-02-16,30,9,N,3500,180
AVL-A6-EYS-1,A6-EYS,A320,1,Bangkok Typhoon + Critical MEL Aircraft,2026-01-19,AVAILABLE,AUH,,,2026-01-21,429,83,N,3500,180
AVL-A6-EYS-2,A6-EYS,A320,2,London Fog + Multiple Aircraft AOG,2026-01-20,AVAILABLE,AUH,,,2026-02-03,360,87,N,3500,180
AVL-A6-EYS-3,A6-EYS,A320,3,Singapore Thunderstorms + MEL Expiry Cascade,2026-01-21,AVAILABLE,AUH,,,2026-02-05,27,91,N,3500,180
AVL-A6-EYS-4,A6-EYS,A320,4,Paris Winter Storm + Temperature-Controlled Cargo Crisis,2026-01-22,AVAILABLE,AUH,,,2026-02-04,280,65,N,3500,180
AVL-A6-EYS-5,A6-EYS,A320,5,Dubai Sandstorm + Hub Congestion + Multiple MEL Aircraft,2026-01-23,AVAILABLE,AUH,,,2026-02-12,165,99,N,3500,180
AVL-A6-EYS-6,A6-EYS,A320,6,Multiple Aircraft AOG + Engine Failure Cascade,2026-01-24,AVAILABLE,AUH,,,2026-02-10,199,67,N,3500,180
AVL-A6-EYS-7,A6-EYS,A320,7,Crew Out of Hours + Insufficient Cabin Crew Crisis,2026-01-25,AVAILABLE,AUH,,,2026-01-29,382,63,N,3500,180
AVL-A6-EYS-8,A6-EYS,A320,8,Runway Closure + Airspace Flow Rate Restrictions,2026-01-27,AVAILABLE,AUH,,,2026-02-09,210,98,N,3500,180
AVL-A6-EYS-9,A6-EYS,A320,9,Security Threat + Geopolitical Airspace Diversion,2026-01-28,AVAILABLE,AUH,,,2026-02-10,432,57,N,3500,180
AVL-A6-EYS-10,A6-EYS,A320,10,Medical Emergency + Tarmac Delay + Slot Unavailability,2026-01-29,AVAILABLE,AUH,,,2026-01-31,112,29,N,3500,180
AVL-A6-EYS-11,A6-EYS,A320,11,EY401 Typhoon -> EY406 LIAC,2026-01-31,AVAILABLE,AUH,,,2026-02-25,70,7,N,3500,180
AVL-A6-EYT-1,A6-EYT,A320,1,Bangkok Typhoon + Critical MEL Aircraft,2026-01-19,AVAILABLE,AUH,,,2026-02-08,489,46,N,3500,180
AVL-A6-EYT-2,A6-EYT,A320,2,London Fog + Multiple Aircraft AOG,2026-01-20,AVAILABLE,AUH,,,2026-01-22,493,35,N,3500,180
AVL-A6-EYT-3,A6-EYT,A320,3,Singapore Thunderstorms + MEL Expiry Cascade,2026-01-21,AVAILABLE,AUH,,,2026-02-19,80,11,N,3500,180
AVL-A6-EYT-4,A6-EYT,A320,4,Paris Winter Storm + Temperature-Controlled Cargo Crisis,2026-01-22,AVAILABLE,AUH,,,2026-02-16,484,77,N,3500,180
AVL-A6-EYT-5,A6-EYT,A320,5,Dubai Sandstorm + Hub Congestion + Multiple MEL Aircraft,2026-01-23,AVAILABLE,AUH,,,2026-01-24,141,91,N,3500,180
AVL-A6-EYT-6,A6-EYT,A320,6,Multiple Aircraft AOG + Engine Failure Cascade,2026-01-24,AVAILABLE,AUH,,,2026-01-25,367,54,N,3500,180
AVL-A6-EYT-7,A6-EYT,A320,7,Crew Out of Hours + Insufficient Cabin Crew Crisis,2026-01-25,AVAILABLE,AUH,,,2026-02-18,454,97,N,3500,180
AVL-A6-EYT-8,A6-EYT,A320,8,Runway Closure + Airspace Flow Rate Restrictions,2026-01-27,AVAILABLE,AUH,,,2026-02-05,238,42,N,3500,180
AVL-A6-EYT-9,A6-EYT,A320,9,Security Threat + Geopolitical Airspace Diversion,2026-01-28,AVAILABLE,AUH,,,2026-02-23,179,60,N,3500,180
AVL-A6-EYT-10,A6-EYT,A320,10,Medical Emergency + Tarmac Delay + Slot Unavailability,2026-01-29,AVAILABLE,AUH,,,2026-02-11,181,79,N,3500,180
AVL-A6-EYT-11,A6-EYT,A320,11,EY401 Typhoon -> EY406 LIAC,2026-01-31,AVAILABLE,AUH,,,2026-02-23,84,33,N,3500,180
AVL-A6-EYU-1,A6-EYU,A320,1,Bangkok Typhoon + Critical MEL Aircraft,2026-01-19,AVAILABLE,AUH,EY5293,2026-01-19 08:37:00,2026-02-09,491,73,N,3500,180
AVL-A6-EYU-2,A6-EYU,A320,2,London Fog + Multiple Aircraft AOG,2026-01-20,AVAILABLE,AUH,,,2026-02-11,156,5,N,3500,180
AVL-A6-EYU-3,A6-EYU,A320,3,Singapore Thunderstorms + MEL Expiry Cascade,2026-01-21,AVAILABLE,AUH,,,2026-02-07,167,79,N,3500,180
AVL-A6-EYU-4,A6-EYU,A320,4,Paris Winter Storm + Temperature-Controlled Cargo Crisis,2026-01-22,AVAILABLE,AUH,,,2026-02-09,198,71,N,3500,180
AVL-A6-EYU-5,A6-EYU,A320,5,Dubai Sandstorm + Hub Congestion + Multiple MEL Aircraft,2026-01-23,AVAILABLE,AUH,,,2026-02-02,81,62,N,3500,180
AVL-A6-EYU-6,A6-EYU,A320,6,Multiple Aircraft AOG + Engine Failure Cascade,2026-01-24,AVAILABLE,AUH,,,2026-02-04,180,92,N,3500,180
AVL-A6-EYU-7,A6-EYU,A320,7,Crew Out of Hours + Insufficient Cabin Crew Crisis,2026-01-25,AVAILABLE,AUH,,,2026-02-08,10,83,N,3500,180
AVL-A6-EYU-8,A6-EYU,A320,8,Runway Closure + Airspace Flow Rate Restrictions,2026-01-27,AVAILABLE,AUH,,,2026-02-19,95,90,N,3500,180
AVL-A6-EYU-9,A6-EYU,A320,9,Security Threat + Geopolitical Airspace Diversion,2026-01-28,AVAILABLE,AUH,,,2026-01-31,282,71,N,3500,180
AVL-A6-EYU-10,A6-EYU,A320,10,Medical Emergency + Tarmac Delay + Slot Unavailability,2026-01-29,AVAILABLE,AUH,,,2026-02-07,261,6,N,3500,180
AVL-A6-EYU-11,A6-EYU,A320,11,EY401 Typhoon -> EY406 LIAC,2026-01-31,AVAILABLE,AUH,EY401,2026-01-31 06:38:00,2026-02-27,278,94,N,3500,180
AVL-A6-EYV-1,A6-EYV,A320,1,Bangkok Typhoon + Critical MEL Aircraft,2026-01-19,AVAILABLE,AUH,EY117,2026-01-19 06:40:00,2026-02-14,318,59,N,3500,180
AVL-A6-EYV-2,A6-EYV,A320,2,London Fog + Multiple Aircraft AOG,2026-01-20,AVAILABLE,AUH,,,2026-01-21,243,86,N,3500,180
AVL-A6-EYV-3,A6-EYV,A320,3,Singapore Thunderstorms + MEL Expiry Cascade,2026-01-21,AVAILABLE,AUH,,,2026-02-03,422,49,N,3500,180
AVL-A6-EYV-4,A6-EYV,A320,4,Paris Winter Storm + Temperature-Controlled Cargo Crisis,2026-01-22,AVAILABLE,AUH,,,2026-01-26,146,12,N,3500,180
AVL-A6-EYV-5,A6-EYV,A320,5,Dubai Sandstorm + Hub Congestion + Multiple MEL Aircraft,2026-01-23,AVAILABLE,AUH,,,2026-01-24,92,18,N,3500,180
AVL-A6-EYV-6,A6-EYV,A320,6,Multiple Aircraft AOG + Engine Failure Cascade,2026-01-24,AVAILABLE,AUH,,,2026-02-02,126,84,N,3500,180
AVL-A6-EYV-7,A6-EYV,A320,7,Crew Out of Hours + Insufficient Cabin Crew Crisis,2026-01-25,AVAILABLE,AUH,,,2026-02-08,344,17,N,3500,180
AVL-A6-EYV-8,A6-EYV,A320,8,Runway Closure + Airspace Flow Rate Restrictions,2026-01-27,AVAILABLE,AUH,,,2026-02-13,35,83,N,3500,180
AVL-A6-EYV-9,A6-EYV,A320,9,Security Threat + Geopolitical Airspace Diversion,2026-01-28,AVAILABLE,AUH,EY117,2026-01-28 10:16:00,2026-02-04,175,26,N,3500,180
AVL-A6-EYV-10,A6-EYV,A320,10,Medical Emergency + Tarmac Delay + Slot Unavailability,2026-01-29,AVAILABLE,AUH,,,2026-02-09,177,100,N,3500,180
AVL-A6-EYV-11,A6-EYV,A320,11,EY401 Typhoon -> EY406 LIAC,2026-01-31,AVAILABLE,AUH,,,2026-02-03,358,12,N,3500,180
